Country,City,Total Tons,First Mission,Last Mission,Num Missions,location
FRANCE,43 00 N 005 40 E,408.0,8/12/1944,8/20/1944,15,"43 00 N 005 40 E, France"
FRANCE,43 00 N 006 20 E,213.0,8/15/1944,8/15/1944,15,"43 00 N 006 20 E, France"
FRANCE,43 20 N 004 20 E,9.0,7/12/1944,7/12/1944,3,"43 20 N 004 20 E, France"
FRANCE,43 20 N 004 40 E,9.0,7/12/1944,7/12/1944,3,"43 20 N 004 40 E, France"
FRANCE,43 20 N 006 00 E,72.0,8/16/1944,8/16/1944,6,"43 20 N 006 00 E, France"
FRANCE,43 20 N 006 20 E,30.0,8/15/1944,8/15/1944,3,"43 20 N 006 20 E, France"
FRANCE,43 20 N 006 40 E,6.0,8/15/1944,8/15/1944,3,"43 20 N 006 40 E, France"
FRANCE,43 40 N 004 40 E,72.0,6/2/1944,6/2/1944,2,"43 40 N 004 40 E, France"
FRANCE,44 00 N 000,9.0,8/7/1944,8/7/1944,3,"44 00 N 000, France"
FRANCE,44 00 N 000 40 E,68.0,7/1/1944,8/23/1944,7,"44 00 N 000 40 E, France"
FRANCE,44 00 N 001 00 E,3.0,7/12/1944,7/12/1944,1,"44 00 N 001 00 E, France"
FRANCE,44 00 N 002 00 E,84.0,8/23/1944,8/23/1944,3,"44 00 N 002 00 E, France"
FRANCE,44 20 N 006 20 E,70.0,8/19/1944,8/19/1944,2,"44 20 N 006 20 E, France"
FRANCE,44 40 N 006 20 E,410.0,3/31/1945,4/9/1945,464,"44 40 N 006 20 E, France"
FRANCE,45 00 N 003 20 E,18.0,8/13/1944,8/13/1944,2,"45 00 N 003 20 E, France"
FRANCE,45 20 N 007 40 E,21.0,7/6/1944,7/6/1944,3,"45 20 N 007 40 E, France"
FRANCE,45 20 N 010 20 E,46.0,7/8/1944,7/8/1944,2,"45 20 N 010 20 E, France"
FRANCE,45 40 N 005 20 E,72.0,8/24/1944,8/24/1944,3,"45 40 N 005 20 E, France"
FRANCE,45 40 N 006 20 E,144.0,8/11/1944,8/11/1944,3,"45 40 N 006 20 E, France"
FRANCE,45 40 N 010 40 E,63.0,5/1/1945,5/1/1945,3,"45 40 N 010 40 E, France"
FRANCE,45 40 N 013 00 E,54.0,9/10/1944,9/10/1944,3,"45 40 N 013 00 E, France"
FRANCE,46 00 N 010 40 E,6.0,7/6/1944,7/6/1944,3,"46 00 N 010 40 E, France"
FRANCE,46 00 N 011 00 E,20.0,7/25/1944,7/25/1944,2,"46 00 N 011 00 E, France"
FRANCE,46 20 N 001 00 E,20.0,8/14/1944,8/14/1944,2,"46 20 N 001 00 E, France"
FRANCE,47 00 N 000 40 W,24.0,9/11/1944,9/11/1944,3,"47 00 N 000 40 W, France"
FRANCE,47 00 N 004 40 E,24.0,8/7/1944,8/7/1944,3,"47 00 N 004 40 E, France"
FRANCE,48 00 N 005 20 E,84.0,7/11/1944,7/11/1944,3,"48 00 N 005 20 E, France"
FRANCE,48 15 N 008 00 E,840.0,12/24/1944,9/3/1943,80,"48 15 N 008 00 E, France"
FRANCE,48 20 N 000 20 E,51.0,7/6/1944,7/6/1944,3,"48 20 N 000 20 E, France"
FRANCE,48 20 N 000 40 W,168.0,8/18/1944,8/19/1944,9,"48 20 N 000 40 W, France"
FRANCE,48 20 N 005 00 E,147.0,8/14/1944,8/15/1944,9,"48 20 N 005 00 E, France"
FRANCE,48 20 N 005 20 E,318.0,10/1/1944,8/15/1944,15,"48 20 N 005 20 E, France"
FRANCE,49 00 N 003 40 E,75.0,5/1/1945,5/1/1945,3,"49 00 N 003 40 E, France"
FRANCE,49 00 N 006 20 E,99.0,9/11/1944,9/11/1944,3,"49 00 N 006 20 E, France"
FRANCE,49 20 N 003 20 E,216.0,6/22/1944,6/24/1944,6,"49 20 N 003 20 E, France"
FRANCE,49 20 N 003 40 E,15.0,6/22/1944,6/22/1944,15,"49 20 N 003 40 E, France"
FRANCE,49 20 N 006 00 E,258.0,9/11/1944,9/11/1944,6,"49 20 N 006 00 E, France"
FRANCE,49 40 N 001 20 E,9.0,10/13/1944,10/13/1944,3,"49 40 N 001 20 E, France"
FRANCE,ABANCOURT,18.0,6/6/1944,6/6/1944,2,"ABANCOURT, France"
FRANCE,ABBEVILLE,3897.0,1/13/1943,9/9/1943,194,"ABBEVILLE, France"
FRANCE,ACHERES,1707.0,3/31/1944,6/6/1944,15,"ACHERES, France"
FRANCE,ACHIET,704.0,5/24/1944,8/4/1944,16,"ACHIET, France"
FRANCE,ACQUET,530.0,7/12/1944,8/9/1944,11,"ACQUET, France"
FRANCE,AGAY,42.0,11/11/1943,2/12/1944,2,"AGAY, France"
FRANCE,AGENVILLE,383.0,8/31/1944,8/31/1944,3,"AGENVILLE, France"
FRANCE,AIGREMONT,126.0,6/7/1944,6/7/1944,2,"AIGREMONT, France"
FRANCE,AILLY LE HAUT CLOCH,64.0,5/8/1944,5/8/1944,2,"AILLY LE HAUT CLOCH, France"
FRANCE,AILLY LE HAUT CLOCHE,863.0,1/14/1944,12/22/1943,7,"AILLY LE HAUT CLOCHE, France"
FRANCE,AIRE,163.0,7/4/1941,7/6/1944,4,"AIRE, France"
FRANCE,AIRE SUR LA LYS,319.0,8/8/1944,8/8/1944,2,"AIRE SUR LA LYS, France"
FRANCE,ALBERSCHWEILER,70.0,3/20/1945,3/20/1945,2,"ALBERSCHWEILER, France"
FRANCE,ALENCON,417.0,6/6/1944,6/8/1944,2,"ALENCON, France"
FRANCE,ALMENECHES,81.0,6/6/1944,6/6/1944,3,"ALMENECHES, France"
FRANCE,AMBERIEU,102.0,5/25/1944,5/25/1944,2,"AMBERIEU, France"
FRANCE,AMBES,40.0,12/27/1940,8/4/1940,7,"AMBES, France"
FRANCE,AMBLETEUSE,726.0,6/4/1944,6/5/1944,12,"AMBLETEUSE, France"
FRANCE,AMBRIERES,540.0,6/14/1944,7/31/1944,24,"AMBRIERES, France"
FRANCE,AMIENS,4147.0,10/26/1940,9/6/1943,160,"AMIENS, France"
FRANCE,ANDRES,167.0,12/24/1943,7/8/1944,4,"ANDRES, France"
FRANCE,ANDRESSELLES,156.0,6/3/1944,6/3/1944,6,"ANDRESSELLES, France"
FRANCE,ANGERS,1724.0,5/28/1944,8/22/1940,23,"ANGERS, France"
FRANCE,ANGOULEME,394.0,3/20/1944,8/14/1944,8,"ANGOULEME, France"
FRANCE,ANIZY LE CHATEAU,477.0,6/28/1944,8/8/1944,10,"ANIZY LE CHATEAU, France"
FRANCE,ANNECY,306.0,11/11/1943,5/9/1944,8,"ANNECY, France"
FRANCE,ANSE,36.0,8/28/1944,8/28/1944,2,"ANSE, France"
FRANCE,ANTHEOR,1234.0,11/11/1943,9/16/1943,43,"ANTHEOR, France"
FRANCE,ANVERS SUR OISE,72.0,8/15/1944,8/15/1944,2,"ANVERS SUR OISE, France"
FRANCE,APPEVILLE,82.0,8/17/1944,8/17/1944,2,"APPEVILLE, France"
FRANCE,ARAD,23.0,1/4/1941,8/31/1941,21,"ARAD, France"
FRANCE,ARAMON,147.0,7/12/1944,8/15/1944,9,"ARAMON, France"
FRANCE,ARDOUVAL,442.0,7/20/1944,7/9/1944,8,"ARDOUVAL, France"
FRANCE,ARDRES,93.0,3/2/1944,3/2/1944,3,"ARDRES, France"
FRANCE,ARGENTAN,1773.0,10/20/1941,8/12/1944,51,"ARGENTAN, France"
FRANCE,ARLES,499.0,6/25/1944,8/6/1944,11,"ARLES, France"
FRANCE,ARMENTIERES,191.0,6/22/1944,8/13/1944,5,"ARMENTIERES, France"
FRANCE,ARQUES,10.0,10/12/1941,7/12/1941,2,"ARQUES, France"
FRANCE,ARQUES LA BATAILLE,65.0,8/30/1944,8/30/1944,5,"ARQUES LA BATAILLE, France"
FRANCE,ARRAS,646.0,12/6/1940,9/6/1940,13,"ARRAS, France"
FRANCE,ARROMANCHES,1098.0,6/6/1944,6/6/1944,24,"ARROMANCHES, France"
FRANCE,ASNELLES SUR MER,288.0,6/6/1944,6/6/1944,15,"ASNELLES SUR MER, France"
FRANCE,ATHIES,171.0,7/23/1944,7/23/1944,3,"ATHIES, France"
FRANCE,AU FEVRE,505.0,5/31/1944,5/31/1944,2,"AU FEVRE, France"
FRANCE,AUBE SUR RISLE,90.0,6/25/1944,6/25/1944,3,"AUBE SUR RISLE, France"
FRANCE,AUBERGENVILLE,24.0,8/9/1944,8/9/1944,2,"AUBERGENVILLE, France"
FRANCE,AUBIGNE RACAN,306.0,5/6/1944,5/6/1944,2,"AUBIGNE RACAN, France"
FRANCE,AUBIGNY,18.0,8/9/1944,8/9/1944,3,"AUBIGNY, France"
FRANCE,AUCHEL,156.0,1/24/1944,1/24/1944,3,"AUCHEL, France"
FRANCE,AUDERVILLE,420.0,6/29/1944,6/29/1944,6,"AUDERVILLE, France"
FRANCE,AUDINGHEM,899.0,1/14/1944,12/24/1943,21,"AUDINGHEM, France"
FRANCE,AUDINGTHUN,308.0,12/21/1943,5/8/1944,11,"AUDINGTHUN, France"
FRANCE,AULNOIS,64.0,8/2/1944,8/2/1944,3,"AULNOIS, France"
FRANCE,AULNOYE,3665.0,1/13/1943,7/18/1944,24,"AULNOYE, France"
FRANCE,AULT,865.0,2/11/1944,6/4/1944,26,"AULT, France"
FRANCE,AUNAY,1515.0,6/11/1944,6/14/1944,9,"AUNAY, France"
FRANCE,AUTHEUX,263.0,6/19/1944,6/21/1944,22,"AUTHEUX, France"
FRANCE,AUTHIE,504.0,12/24/1943,2/13/1944,12,"AUTHIE, France"
FRANCE,AUXERRE,174.0,5/11/1944,7/17/1944,7,"AUXERRE, France"
FRANCE,AUXI LE CHATEAU,16.0,8/14/1944,8/14/1944,2,"AUXI LE CHATEAU, France"
FRANCE,AVESNES,207.0,8/3/1944,8/8/1944,9,"AVESNES, France"
FRANCE,AVIGNON,2319.0,5/27/1944,8/8/1944,47,"AVIGNON, France"
FRANCE,AVORD,2577.0,2/5/1944,6/4/1944,42,"AVORD, France"
FRANCE,AVRANCHES,361.0,11/22/1940,9/3/1941,17,"AVRANCHES, France"
FRANCE,AZEVILLE,120.0,6/5/1944,6/5/1944,6,"AZEVILLE, France"
FRANCE,BACHIMONT,607.0,6/18/1944,6/24/1944,34,"BACHIMONT, France"
FRANCE,BAGNOLES DE L ORNE,129.0,6/24/1944,6/24/1944,3,"BAGNOLES DE L ORNE, France"
FRANCE,BALARUC LES BAINS,276.0,6/25/1944,6/25/1944,4,"BALARUC LES BAINS, France"
FRANCE,BALLEROY,92.0,6/7/1944,6/7/1944,2,"BALLEROY, France"
FRANCE,BAMIERES,647.0,6/20/1944,6/24/1944,6,"BAMIERES, France"
FRANCE,BARENTIN,22.0,7/8/1944,7/8/1944,1,"BARENTIN, France"
FRANCE,BARFLEUR,921.0,4/27/1944,6/7/1944,26,"BARFLEUR, France"
FRANCE,BARISIS,210.0,8/28/1944,8/28/1944,3,"BARISIS, France"
FRANCE,BARLIN,24.0,6/20/1944,6/20/1944,3,"BARLIN, France"
FRANCE,BARQUES,165.0,4/20/1944,4/20/1944,3,"BARQUES, France"
FRANCE,BASSENS,495.0,8/5/1944,8/5/1944,2,"BASSENS, France"
FRANCE,BAULON,36.0,6/11/1944,6/11/1944,3,"BAULON, France"
FRANCE,BAYE DE LA SEINE,1404.0,8/13/1944,8/13/1944,62,"BAYE DE LA SEINE, France"
FRANCE,BAYEUX,96.0,6/10/1944,6/10/1944,2,"BAYEUX, France"
FRANCE,BAYON,36.0,5/23/1944,5/23/1944,2,"BAYON, France"
FRANCE,BDIS DE LA JUSTICE,162.0,4/20/1944,4/20/1944,3,"BDIS DE LA JUSTICE, France"
FRANCE,BEAU GUILLOT,52.0,6/6/1944,6/6/1944,2,"BEAU GUILLOT, France"
FRANCE,BEAUGENCY,192.0,6/14/1944,7/9/1944,5,"BEAUGENCY, France"
FRANCE,BEAUM0NT SUR OISE,1426.0,4/10/1944,9/9/1943,37,"BEAUM0NT SUR OISE, France"
FRANCE,BEAUMDNT LE ROGER,2840.0,3/23/1944,9/9/1943,113,"BEAUMDNT LE ROGER, France"
FRANCE,BEAUMETZ,615.0,5/24/1944,7/6/1944,15,"BEAUMETZ, France"
FRANCE,BEAUMONT LE HARENG,122.0,2/6/1944,4/23/1944,4,"BEAUMONT LE HARENG, France"
FRANCE,BEAUMONT LE ROGER,467.0,5/11/1944,5/24/1944,4,"BEAUMONT LE ROGER, France"
FRANCE,BEAUMONT SUR OISE,354.0,5/26/1944,8/6/1944,6,"BEAUMONT SUR OISE, France"
FRANCE,BEAUMONTEL,2.0,8/17/1944,8/17/1944,2,"BEAUMONTEL, France"
FRANCE,BEAUTOR,114.0,8/2/1944,8/2/1944,5,"BEAUTOR, France"
FRANCE,BEAUVAIS,3704.0,10/24/1943,9/9/1943,141,"BEAUVAIS, France"
FRANCE,BEAUVOIR,3630.0,1/21/1944,7/2/1944,54,"BEAUVOIR, France"
FRANCE,BEC D AMBES,453.0,8/4/1944,8/4/1944,2,"BEC D AMBES, France"
FRANCE,BEHEN,884.0,3/5/1944,5/28/1944,26,"BEHEN, France"
FRANCE,BEINTQUES,431.0,6/23/1944,6/23/1944,2,"BEINTQUES, France"
FRANCE,BELFORT,753.0,5/11/1944,8/11/1944,17,"BELFORT, France"
FRANCE,BELLE CROIS LES BRUY,93.0,6/24/1944,6/24/1944,3,"BELLE CROIS LES BRUY, France"
FRANCE,BELLE CROIX,90.0,6/23/1944,6/23/1944,6,"BELLE CROIX, France"
FRANCE,BELLEVUE,438.0,4/27/1944,5/8/1944,9,"BELLEVUE, France"
FRANCE,BELLEY,1105.0,12/27/1944,8/3/1944,48,"BELLEY, France"
FRANCE,BELMESNIL,186.0,1/14/1944,1/14/1944,3,"BELMESNIL, France"
FRANCE,BENAT CAP,141.0,8/11/1944,8/11/1944,6,"BENAT CAP, France"
FRANCE,BENERVILLE,1297.0,4/23/1944,6/6/1944,34,"BENERVILLE, France"
FRANCE,BENNECOURT,22.0,5/31/1944,5/31/1944,2,"BENNECOURT, France"
FRANCE,BERCK SUR MER,4480.0,10/28/1940,9/4/1940,135,"BERCK SUR MER, France"
FRANCE,BERGERAC,356.0,3/18/1944,3/5/1944,14,"BERGERAC, France"
FRANCE,BERGUENEUSE,303.0,8/31/1944,8/31/1944,4,"BERGUENEUSE, France"
FRANCE,BERNAY,802.0,3/6/1944,8/2/1944,37,"BERNAY, France"
FRANCE,BERNEVAL LE GRAND,1084.0,3/3/1944,6/24/1944,9,"BERNEVAL LE GRAND, France"
FRANCE,BERTREVILLE,672.0,7/6/1944,8/1/1944,18,"BERTREVILLE, France"
FRANCE,BESIERS,378.0,6/21/1944,7/5/1944,12,"BESIERS, France"
FRANCE,BETHUNE,456.0,11/14/1940,9/26/1941,15,"BETHUNE, France"
FRANCE,BEUVRY,198.0,2/5/1944,8/5/1944,9,"BEUVRY, France"
FRANCE,BIARRITZ,240.0,3/27/1944,3/27/1944,6,"BIARRITZ, France"
FRANCE,BIENNAIS,144.0,6/27/1944,6/27/1944,9,"BIENNAIS, France"
FRANCE,BIENTQUES,74.0,6/23/1944,6/23/1944,2,"BIENTQUES, France"
FRANCE,BITCHE,254.0,10/12/1944,10/12/1944,6,"BITCHE, France"
FRANCE,BLAINVILLE,854.0,4/27/1944,6/28/1944,12,"BLAINVILLE, France"
FRANCE,BLANC MISSERON,314.0,5/1/1944,5/7/1944,16,"BLANC MISSERON, France"
FRANCE,BLANC PIGNON FERME,366.0,7/6/1944,7/6/1944,12,"BLANC PIGNON FERME, France"
FRANCE,BLANDERMONT,393.0,6/20/1944,7/2/1944,24,"BLANDERMONT, France"
FRANCE,BLAYE,485.0,8/14/1940,8/5/1944,5,"BLAYE, France"
FRANCE,BLOIS,418.0,6/11/1944,8/7/1944,9,"BLOIS, France"
FRANCE,BOIR,561.0,6/2/1944,6/2/1944,9,"BOIR, France"
FRANCE,BOIS D ENTER,177.0,5/1/1944,5/1/1944,3,"BOIS D ENTER, France"
FRANCE,BOIS DE COQERAIS,444.0,1/21/1944,4/20/1944,9,"BOIS DE COQERAIS, France"
FRANCE,BOIS DE LA HAIE,207.0,7/17/1944,7/17/1944,3,"BOIS DE LA HAIE, France"
FRANCE,BOIS DE LA HAYE,88.0,8/9/1944,8/9/1944,2,"BOIS DE LA HAYE, France"
FRANCE,BOIS DE LICQUES,3812.0,6/18/1941,8/6/1944,14,"BOIS DE LICQUES, France"
FRANCE,BOIS DES HUITPUES,593.0,1/21/1944,4/20/1944,6,"BOIS DES HUITPUES, France"
FRANCE,BOIS DES JARDINS,221.0,7/15/1944,7/15/1944,2,"BOIS DES JARDINS, France"
FRANCE,BOIS DIEU,72.0,8/28/1944,8/28/1944,2,"BOIS DIEU, France"
FRANCE,BOISSEI LA LONDE,192.0,7/16/1944,7/28/1944,10,"BOISSEI LA LONDE, France"
FRANCE,BOLBEC,108.0,8/26/1944,8/26/1944,6,"BOLBEC, France"
FRANCE,BONNETOT,377.0,6/24/1944,6/24/1944,1,"BONNETOT, France"
FRANCE,BONNEVAL,48.0,7/12/1944,7/12/1944,2,"BONNEVAL, France"
FRANCE,BONNIERES SUR SEINE,2141.0,1/14/1944,5/9/1944,64,"BONNIERES SUR SEINE, France"
FRANCE,BORDE1UX,9.0,10/10/1941,10/10/1941,2,"BORDE1UX, France"
FRANCE,BORDEAUX,6924.0,1/26/1943,9/7/1942,172,"BORDEAUX, France"
FRANCE,BOUCHEMAINE,168.0,7/9/1944,8/1/1944,3,"BOUCHEMAINE, France"
FRANCE,BOULOGNE,4278.0,1/10/1942,9/8/1940,329,"BOULOGNE, France"
FRANCE,BOULOGNE SUR GESSE,9320.0,10/15/1941,9/9/1943,155,"BOULOGNE SUR GESSE, France"
FRANCE,BOURG ST ANDEOL,212.0,8/15/1944,8/17/1944,5,"BOURG ST ANDEOL, France"
FRANCE,BOURGES,2130.0,11/1/1940,8/24/1940,48,"BOURGES, France"
FRANCE,BOURRON,288.0,8/18/1944,8/18/1944,12,"BOURRON, France"
FRANCE,BOURROU,58.0,8/7/1944,8/7/1944,2,"BOURROU, France"
FRANCE,BOURTH,480.0,7/11/1944,8/1/1944,18,"BOURTH, France"
FRANCE,BRANOUX,12.0,8/25/1944,8/25/1944,2,"BRANOUX, France"
FRANCE,BREIL,68.0,9/26/1944,9/26/1944,2,"BREIL, France"
FRANCE,BREMONT,203.0,7/12/1944,7/12/1944,2,"BREMONT, France"
FRANCE,BRENNES,1661.0,6/27/1944,7/5/1944,7,"BRENNES, France"
FRANCE,BREST,25433.0,1/10/1941,9/7/1940,968,"BREST, France"
FRANCE,BRETIGNY,1860.0,5/25/1944,8/8/1944,55,"BRETIGNY, France"
FRANCE,BRETTEVILLE,388.0,6/10/1944,7/7/1944,13,"BRETTEVILLE, France"
FRANCE,BRETTEVILLE SURLAIZ,957.0,8/8/1944,8/8/1944,30,"BRETTEVILLE SURLAIZ, France"
FRANCE,BRIE COMTE ROBERT,17.0,6/22/1944,6/22/1944,1,"BRIE COMTE ROBERT, France"
FRANCE,BRIENNON,96.0,8/10/1944,8/10/1944,3,"BRIENNON, France"
FRANCE,BRIOLLAY,94.0,8/5/1944,8/5/1944,2,"BRIOLLAY, France"
FRANCE,BRIONNE,263.0,7/8/1944,8/17/1944,11,"BRIONNE, France"
FRANCE,BRIOUZE,198.0,6/7/1944,8/12/1944,6,"BRIOUZE, France"
FRANCE,BROGLIE,92.0,8/13/1944,8/13/1944,2,"BROGLIE, France"
FRANCE,BROMBOS,78.0,7/9/1944,7/9/1944,3,"BROMBOS, France"
FRANCE,BRUGES,213.0,5/28/1944,5/28/1944,3,"BRUGES, France"
FRANCE,BRUZ,354.0,5/7/1944,7/19/1944,7,"BRUZ, France"
FRANCE,BRYAS,58.0,8/17/1943,8/17/1943,2,"BRYAS, France"
FRANCE,BUCHY,90.0,1/14/1944,1/14/1944,3,"BUCHY, France"
FRANCE,BUCY LES PIERREPONT,119.0,8/27/1944,8/27/1944,5,"BUCY LES PIERREPONT, France"
FRANCE,BUISSON LE,447.0,7/12/1944,7/27/1944,7,"BUISSON LE, France"
FRANCE,BURGES,124.0,5/28/1944,5/28/1944,2,"BURGES, France"
FRANCE,BUSIGNY,430.0,4/30/1944,5/2/1944,8,"BUSIGNY, France"
FRANCE,CABOURG,2.0,9/11/1941,9/11/1941,1,"CABOURG, France"
FRANCE,CAEN,10706.0,1/21/1943,8/26/1943,210,"CAEN, France"
FRANCE,CALAIS,13272.0,1/16/1941,9/9/1940,305,"CALAIS, France"
FRANCE,CAMARET,54.0,8/14/1944,8/14/1944,3,"CAMARET, France"
FRANCE,CAMBES,57.0,7/6/1944,7/6/1944,3,"CAMBES, France"
FRANCE,CAMBRAI,2989.0,10/27/1940,8/11/1944,90,"CAMBRAI, France"
FRANCE,CAMBREMER,62.0,6/13/1944,6/13/1944,2,"CAMBREMER, France"
FRANCE,CAMIERS,192.0,6/2/1944,6/2/1944,3,"CAMIERS, France"
FRANCE,CAMPAGNE LES HESDIN,528.0,12/24/1943,6/2/1944,11,"CAMPAGNE LES HESDIN, France"
FRANCE,CANNES,481.0,11/11/1943,8/12/1944,12,"CANNES, France"
FRANCE,CAP ANTIBES,20.0,8/14/1944,8/14/1944,2,"CAP ANTIBES, France"
FRANCE,CAP D ALPRECH,375.0,9/8/1943,9/8/1943,5,"CAP D ALPRECH, France"
FRANCE,CAP GRIS NEZ,4183.0,10/1/1940,9/9/1940,74,"CAP GRIS NEZ, France"
FRANCE,CAP NEGRE,72.0,8/12/1944,8/12/1944,3,"CAP NEGRE, France"
FRANCE,CAPE CAMARAT,102.0,8/14/1944,8/14/1944,6,"CAPE CAMARAT, France"
FRANCE,CAPE CEPET,522.0,8/13/1944,8/20/1944,48,"CAPE CEPET, France"
FRANCE,CARBIC,18.0,8/9/1944,8/9/1944,2,"CARBIC, France"
FRANCE,CARENTAN,153.0,6/5/1944,6/6/1944,5,"CARENTAN, France"
FRANCE,CARNEVILLE,36.0,8/17/1944,8/17/1944,2,"CARNEVILLE, France"
FRANCE,CARNOULES,256.0,5/25/1944,5/25/1944,3,"CARNOULES, France"
FRANCE,CAUDEBEC EN CAUX,195.0,8/1/1944,8/10/1944,13,"CAUDEBEC EN CAUX, France"
FRANCE,CAUDEBEC LES ELBEUF,111.0,8/2/1944,8/2/1944,3,"CAUDEBEC LES ELBEUF, France"
FRANCE,CAUMONT,1341.0,7/30/1944,7/30/1944,49,"CAUMONT, France"
FRANCE,CAUVICOURT,2160.0,8/8/1944,8/8/1944,69,"CAUVICOURT, France"
FRANCE,CAVALAIRE,364.0,8/15/1944,8/15/1944,8,"CAVALAIRE, France"
FRANCE,CAYEUX,52.0,1/4/1944,1/4/1944,2,"CAYEUX, France"
FRANCE,CAZAUX,1173.0,3/27/1944,6/19/1944,24,"CAZAUX, France"
FRANCE,CERISY LA SALLE,100.0,6/10/1944,6/10/1944,4,"CERISY LA SALLE, France"
FRANCE,CEZEMBRE,1847.0,8/13/1944,8/31/1944,13,"CEZEMBRE, France"
FRANCE,CHALIGNY,285.0,9/12/1944,9/12/1944,5,"CHALIGNY, France"
FRANCE,CHALONS,768.0,4/27/1944,7/9/1944,8,"CHALONS, France"
FRANCE,CHAMBERY,180.0,5/26/1944,5/26/1944,2,"CHAMBERY, France"
FRANCE,CHAMBLY,621.0,4/20/1944,5/1/1944,4,"CHAMBLY, France"
FRANCE,CHAMBORIGAUD,70.0,8/19/1944,8/19/1944,2,"CHAMBORIGAUD, France"
FRANCE,CHAMPAGNE LES MESDI,82.0,6/21/1944,6/21/1944,4,"CHAMPAGNE LES MESDI, France"
FRANCE,CHAPELINE NOTRE DAME,487.0,7/20/1944,8/8/1944,12,"CHAPELINE NOTRE DAME, France"
FRANCE,CHAPERY,117.0,8/29/1942,8/29/1942,3,"CHAPERY, France"
FRANCE,CHARLEVILLE,116.0,5/7/1944,5/7/1944,2,"CHARLEVILLE, France"
FRANCE,CHARLY SUR MARNE,120.0,8/1/1944,8/1/1944,3,"CHARLY SUR MARNE, France"
FRANCE,CHARNY,75.0,7/17/1944,7/17/1944,3,"CHARNY, France"
FRANCE,CHARTRES,4046.0,1/12/1941,9/4/1940,107,"CHARTRES, France"
FRANCE,CHATEAU BERNAPE,724.0,6/27/1944,8/2/1944,9,"CHATEAU BERNAPE, France"
FRANCE,CHATEAU DE BOSMELLET,52.0,2/15/1944,2/15/1944,2,"CHATEAU DE BOSMELLET, France"
FRANCE,CHATEAU DU LOIR,128.0,8/1/1944,8/1/1944,2,"CHATEAU DU LOIR, France"
FRANCE,CHATEAU THIERRY,54.0,6/16/1944,6/16/1944,1,"CHATEAU THIERRY, France"
FRANCE,CHATEAUBRIANT,291.0,6/7/1944,6/8/1944,7,"CHATEAUBRIANT, France"
FRANCE,CHATEAUDUN,5203.0,1/5/1944,9/15/1943,138,"CHATEAUDUN, France"
FRANCE,CHATEAUROUX,623.0,2/5/1944,8/22/1940,13,"CHATEAUROUX, France"
FRANCE,CHATEL,23.0,8/13/1944,8/13/1944,1,"CHATEL, France"
FRANCE,CHATELLERAULT,465.0,6/15/1944,6/15/1944,2,"CHATELLERAULT, France"
FRANCE,CHAULNES,84.0,7/20/1944,7/20/1944,2,"CHAULNES, France"
FRANCE,CHAUMONT,819.0,5/11/1944,8/2/1944,29,"CHAUMONT, France"
FRANCE,CHAUNY,200.0,12/11/1940,8/9/1944,6,"CHAUNY, France"
FRANCE,CHEMSAY,14.0,7/6/1944,7/6/1944,2,"CHEMSAY, France"
FRANCE,CHERBOURG,1957.0,1/21/1943,9/8/1942,183,"CHERBOURG, France"
FRANCE,CHERISY,414.0,6/12/1944,8/13/1944,8,"CHERISY, France"
FRANCE,CHOCQUES,66.0,6/17/1941,9/22/1942,14,"CHOCQUES, France"
FRANCE,CINQ MARS LAPILE,550.0,6/15/1944,8/2/1944,10,"CINQ MARS LAPILE, France"
FRANCE,CITY TOT UNDER 6 TON,877.0,1/14/1945,8/3/1944,104,"CITY TOT UNDER 6 TON, France"
FRANCE,CLAMECY,87.0,7/17/1944,7/17/1944,3,"CLAMECY, France"
FRANCE,CLASTRES,789.0,6/14/1944,8/8/1944,24,"CLASTRES, France"
FRANCE,CLERES,112.0,1/8/1945,8/1/1944,6,"CLERES, France"
FRANCE,CLERMONT,1497.0,3/10/1944,4/30/1944,28,"CLERMONT, France"
FRANCE,CLOYES,362.0,6/14/1944,7/6/1944,6,"CLOYES, France"
FRANCE,COCOVE,567.0,1/14/1944,4/20/1944,16,"COCOVE, France"
FRANCE,COGNAC,2883.0,12/31/1943,9/16/1943,54,"COGNAC, France"
FRANCE,COLMAR,0.0,9/7/1940,9/7/1940,1,"COLMAR, France"
FRANCE,COLTAINVILLE,116.0,6/17/1944,6/17/1944,2,"COLTAINVILLE, France"
FRANCE,COMBOURG,48.0,7/6/1944,7/6/1944,2,"COMBOURG, France"
FRANCE,COMINES,42.0,3/24/1942,9/22/1942,8,"COMINES, France"
FRANCE,COMPIEGNE,489.0,8/26/1944,8/9/1944,12,"COMPIEGNE, France"
FRANCE,COMTANCES,321.0,6/6/1944,6/6/1944,21,"COMTANCES, France"
FRANCE,COMTESSE,96.0,7/9/1944,7/9/1944,3,"COMTESSE, France"
FRANCE,CONCHES,3835.0,12/25/1941,9/6/1943,135,"CONCHES, France"
FRANCE,CONDE,21.0,7/6/1944,7/6/1944,3,"CONDE, France"
FRANCE,CONDE SUR NOIREAU,1559.0,6/12/1944,6/7/1944,38,"CONDE SUR NOIREAU, France"
FRANCE,CONDE SUR VIRE,115.0,6/30/1944,6/30/1944,16,"CONDE SUR VIRE, France"
FRANCE,CONDRIEU DU NORDE,70.0,6/30/1944,6/30/1944,2,"CONDRIEU DU NORDE, France"
FRANCE,CONFLANS,480.0,5/29/1944,7/18/1944,8,"CONFLANS, France"
FRANCE,CONNANTRE,433.0,8/18/1944,8/18/1944,2,"CONNANTRE, France"
FRANCE,CONNERRE,118.0,8/5/1944,8/5/1944,2,"CONNERRE, France"
FRANCE,CONTEVILLE,177.0,4/20/1944,4/27/1944,6,"CONTEVILLE, France"
FRANCE,COQUEREAUX,971.0,7/25/1944,8/9/1944,12,"COQUEREAUX, France"
FRANCE,CORBEIL,114.0,8/13/1944,8/13/1944,2,"CORBEIL, France"
FRANCE,CORBIE,144.0,8/7/1944,8/7/1944,2,"CORBIE, France"
FRANCE,CORME ECLUSE,684.0,6/19/1944,6/19/1944,24,"CORME ECLUSE, France"
FRANCE,CORMEILLES,913.0,12/8/1940,7/22/1940,35,"CORMEILLES, France"
FRANCE,CORMETTE,714.0,1/14/1944,6/21/1944,21,"CORMETTE, France"
FRANCE,CORNETS,24.0,4/20/1944,4/20/1944,3,"CORNETS, France"
FRANCE,COUBRONNE,500.0,6/23/1944,6/23/1944,2,"COUBRONNE, France"
FRANCE,COUCHES LES MINES,303.0,6/10/1944,6/10/1944,18,"COUCHES LES MINES, France"
FRANCE,COULANGES,253.0,6/25/1944,8/10/1944,9,"COULANGES, France"
FRANCE,COULOMMIERS,405.0,6/14/1944,8/11/1944,12,"COULOMMIERS, France"
FRANCE,COULONVILLIERS,137.0,7/22/1944,8/9/1944,4,"COULONVILLIERS, France"
FRANCE,COURCELLES SUR NIED,380.0,6/4/1944,7/28/1944,8,"COURCELLES SUR NIED, France"
FRANCE,COURCELLES SUR SEIN,74.0,5/31/1944,5/31/1944,2,"COURCELLES SUR SEIN, France"
FRANCE,COURONNE,822.0,6/19/1944,8/5/1944,48,"COURONNE, France"
FRANCE,COURS SAINTS,84.0,6/6/1944,6/6/1944,2,"COURS SAINTS, France"
FRANCE,COURSELLES,426.0,4/10/1944,6/6/1944,12,"COURSELLES, France"
FRANCE,COURTALAIN,165.0,8/2/1944,8/6/1944,4,"COURTALAIN, France"
FRANCE,COURTOIN,22.0,8/8/1944,8/8/1944,1,"COURTOIN, France"
FRANCE,COUTANCES,683.0,6/14/1944,6/6/1944,9,"COUTANCES, France"
FRANCE,COUTANT,90.0,6/10/1944,6/10/1944,2,"COUTANT, France"
FRANCE,COUVRON,648.0,5/9/1944,5/9/1944,12,"COUVRON, France"
FRANCE,CRECY,18.0,2/13/1944,2/13/1944,3,"CRECY, France"
FRANCE,CREIL,4455.0,3/17/1944,8/14/1940,139,"CREIL, France"
FRANCE,CREPIEUL,843.0,6/22/1944,8/5/1944,33,"CREPIEUL, France"
FRANCE,CREPY,1059.0,6/19/1944,7/6/1944,54,"CREPY, France"
FRANCE,CREST,83.0,8/13/1944,8/13/1944,1,"CREST, France"
FRANCE,CRETON,36.0,8/2/1944,8/2/1944,3,"CRETON, France"
FRANCE,CRIQUETOT,23.0,8/13/1944,8/13/1944,1,"CRIQUETOT, France"
FRANCE,CRISBECQ,484.0,4/25/1944,6/10/1944,11,"CRISBECQ, France"
FRANCE,CROISETTE,664.0,1/14/1944,3/18/1944,14,"CROISETTE, France"
FRANCE,CROISILLES,96.0,8/5/1944,8/5/1944,2,"CROISILLES, France"
FRANCE,CROIXDALLE,376.0,7/6/1944,7/6/1944,1,"CROIXDALLE, France"
FRANCE,CULMONT CHALINDREY,724.0,7/12/1944,7/12/1944,3,"CULMONT CHALINDREY, France"
FRANCE,CULOZ,48.0,8/25/1944,8/25/1944,2,"CULOZ, France"
FRANCE,CUSTINES,262.0,9/10/1944,9/10/1944,6,"CUSTINES, France"
FRANCE,CUXHAVEN,1.0,11/13/1940,11/13/1940,1,"CUXHAVEN, France"
FRANCE,DAINVILLE,12.0,7/6/1944,7/6/1944,2,"DAINVILLE, France"
FRANCE,DAMMARTIN ENGOELE,78.0,8/18/1944,8/18/1944,3,"DAMMARTIN ENGOELE, France"
FRANCE,DANNES,710.0,2/5/1944,6/3/1944,20,"DANNES, France"
FRANCE,DDNZERE,70.0,8/15/1944,8/15/1944,1,"DDNZERE, France"
FRANCE,DE TOURNEHEIM,192.0,4/22/1944,4/22/1944,3,"DE TOURNEHEIM, France"
FRANCE,DEMOUVILLE,1479.0,7/18/1944,7/18/1944,24,"DEMOUVILLE, France"
FRANCE,DENAIN,746.0,5/20/1944,7/6/1944,22,"DENAIN, France"
FRANCE,DESVRES,51.0,2/5/1944,6/21/1941,4,"DESVRES, France"
FRANCE,DIEFFLEN,2.0,12/5/1944,12/5/1944,2,"DIEFFLEN, France"
FRANCE,DIEPPE,2362.0,1/14/1944,9/6/1943,73,"DIEPPE, France"
FRANCE,DIEUZE,306.0,11/9/1944,11/9/1944,6,"DIEUZE, France"
FRANCE,DIJON,3725.0,2/6/1944,8/14/1944,55,"DIJON, France"
FRANCE,DINAN,96.0,12/22/1940,9/28/1941,17,"DINAN, France"
FRANCE,DOLE,456.0,8/14/1944,8/14/1944,12,"DOLE, France"
FRANCE,DOMART EN PONTHIEU,302.0,12/16/1943,3/26/1944,7,"DOMART EN PONTHIEU, France"
FRANCE,DOMFRONT,561.0,6/13/1944,7/6/1944,14,"DOMFRONT, France"
FRANCE,DOMLEGER,3720.0,6/14/1944,7/4/1944,33,"DOMLEGER, France"
FRANCE,DONGES,1065.0,7/23/1944,7/24/1944,6,"DONGES, France"
FRANCE,DOUAI,1769.0,10/27/1940,8/11/1944,18,"DOUAI, France"
FRANCE,DOULLENS,1120.0,11/8/1940,8/7/1944,24,"DOULLENS, France"
FRANCE,DOVAL,36.0,6/22/1944,6/22/1944,1,"DOVAL, France"
FRANCE,DREAUX,421.0,6/10/1944,6/10/1944,1,"DREAUX, France"
FRANCE,DREUX,1374.0,10/14/1941,7/4/1944,43,"DREUX, France"
FRANCE,DRIONVILLE,534.0,12/24/1943,4/30/1944,11,"DRIONVILLE, France"
FRANCE,DROMMONT,72.0,8/12/1944,8/12/1944,3,"DROMMONT, France"
FRANCE,DUNKERQUE,2555.0,1/13/1941,9/8/1940,371,"DUNKERQUE, France"
FRANCE,DURTAL,144.0,8/5/1944,8/5/1944,2,"DURTAL, France"
FRANCE,ECALLES SUR BUCHY,390.0,2/28/1944,2/28/1944,6,"ECALLES SUR BUCHY, France"
FRANCE,ECLIMEUX,983.0,1/21/1944,5/1/1944,22,"ECLIMEUX, France"
FRANCE,ECOUCHE,124.0,7/28/1944,7/28/1944,4,"ECOUCHE, France"
FRANCE,ECQUES,561.0,6/19/1944,8/30/1944,30,"ECQUES, France"
FRANCE,EIKENHORST,189.0,9/17/1944,9/17/1944,3,"EIKENHORST, France"
FRANCE,ELBEUF,68.0,8/13/1944,8/13/1944,3,"ELBEUF, France"
FRANCE,EMBRUN,112.0,8/19/1944,8/19/1944,2,"EMBRUN, France"
FRANCE,EMBRY,322.0,1/14/1944,2/5/1944,10,"EMBRY, France"
FRANCE,ENGUINEGATTE,330.0,6/18/1944,7/6/1944,22,"ENGUINEGATTE, France"
FRANCE,EPERLECQUES,92.0,8/30/1943,8/30/1943,4,"EPERLECQUES, France"
FRANCE,EPERNON,502.0,6/12/1944,8/9/1944,12,"EPERNON, France"
FRANCE,EPINAL,257.0,5/11/1944,5/23/1944,6,"EPINAL, France"
FRANCE,EPONE MEZIERS,436.0,8/1/1944,8/9/1944,10,"EPONE MEZIERS, France"
FRANCE,EPREVILLE,342.0,6/2/1944,6/4/1944,9,"EPREVILLE, France"
FRANCE,EQUIHEN,1545.0,6/2/1944,6/4/1944,63,"EQUIHEN, France"
FRANCE,ERNY ST JULIEN,302.0,6/20/1944,6/21/1944,5,"ERNY ST JULIEN, France"
FRANCE,ESCALLES,150.0,2/13/1944,2/15/1944,6,"ESCALLES, France"
FRANCE,ESSEY,591.0,8/18/1944,8/18/1944,12,"ESSEY, France"
FRANCE,ESTERNAY,154.0,6/25/1944,8/14/1944,3,"ESTERNAY, France"
FRANCE,ET NEUVE,152.0,8/2/1944,8/9/1944,5,"ET NEUVE, France"
FRANCE,ETAMPES,2913.0,11/15/1940,8/3/1944,51,"ETAMPES, France"
FRANCE,ETAPLES,2378.0,10/25/1940,8/5/1944,50,"ETAPLES, France"
FRANCE,EU,33.0,7/17/1944,7/17/1944,1,"EU, France"
FRANCE,EURE RIVER,45.0,8/13/1944,8/13/1944,2,"EURE RIVER, France"
FRANCE,EVREUX,4598.0,1/12/1941,9/3/1943,135,"EVREUX, France"
FRANCE,EVRON,16.0,8/2/1944,8/2/1944,2,"EVRON, France"
FRANCE,FALAISE,2218.0,6/10/1944,8/12/1944,57,"FALAISE, France"
FRANCE,FASSEY,63.0,8/8/1944,8/8/1944,3,"FASSEY, France"
FRANCE,FEBVIN PALFART,207.0,3/26/1944,3/26/1944,3,"FEBVIN PALFART, France"
FRANCE,FECAMP,1833.0,11/13/1940,9/30/1941,82,"FECAMP, France"
FRANCE,FERFAY,434.0,7/24/1944,8/28/1944,10,"FERFAY, France"
FRANCE,FERME D UREILIE,1055.0,6/1/1944,6/3/1944,5,"FERME D UREILIE, France"
FRANCE,FERME DU FORESTEL,510.0,7/12/1944,8/28/1944,9,"FERME DU FORESTEL, France"
FRANCE,FERME DU GRAND BOIS,229.0,7/20/1944,8/28/1944,4,"FERME DU GRAND BOIS, France"
FRANCE,FIEFS,1362.0,6/19/1944,8/5/1944,57,"FIEFS, France"
FRANCE,FIENVILLERS,409.0,6/19/1944,6/23/1944,28,"FIENVILLERS, France"
FRANCE,FILERS,427.0,6/9/1944,6/9/1944,1,"FILERS, France"
FRANCE,FISMES,349.0,6/28/1944,8/16/1944,11,"FISMES, France"
FRANCE,FLERS,2711.0,6/14/1944,8/5/1944,59,"FLERS, France"
FRANCE,FLEURY,1200.0,6/19/1944,8/5/1944,54,"FLEURY, France"
FRANCE,FLEURY LA MONTAGNE,501.0,5/22/1944,6/4/1944,21,"FLEURY LA MONTAGNE, France"
FRANCE,FLIXECOURT,149.0,1/21/1944,4/20/1944,5,"FLIXECOURT, France"
FRANCE,FLOTTEMANVILLE,471.0,4/20/1944,4/20/1944,12,"FLOTTEMANVILLE, France"
FRANCE,FLOTTEMANVILLE HAGUE,420.0,4/27/1944,4/27/1944,6,"FLOTTEMANVILLE HAGUE, France"
FRANCE,FOET DU HELLE,8.0,3/1/1944,3/6/1944,4,"FOET DU HELLE, France"
FRANCE,FOLLEVILLE,0.0,7/16/1941,7/16/1941,1,"FOLLEVILLE, France"
FRANCE,FOLLIGNY,134.0,6/7/1944,6/7/1944,2,"FOLLIGNY, France"
FRANCE,FONTAINE BELLENGER,23.0,8/13/1944,8/13/1944,1,"FONTAINE BELLENGER, France"
FRANCE,FONTAINE LE PIN,78.0,7/7/1944,7/7/1944,2,"FONTAINE LE PIN, France"
FRANCE,FONTAN,44.0,8/4/1944,8/4/1944,2,"FONTAN, France"
FRANCE,FOR NATION DE TOUR,180.0,3/2/1944,4/19/1944,6,"FOR NATION DE TOUR, France"
FRANCE,FORET D ANDAINE,1783.0,6/13/1944,8/6/1944,65,"FORET D ANDAINE, France"
FRANCE,FORET D AROUES,144.0,8/31/1944,8/31/1944,6,"FORET D AROUES, France"
FRANCE,FORET D ECOUVES,1251.0,6/15/1944,8/8/1944,34,"FORET D ECOUVES, France"
FRANCE,FORET D ENGLOS,751.0,8/9/1944,8/9/1944,2,"FORET D ENGLOS, France"
FRANCE,FORET D EPERLECQUES,78.0,7/23/1941,8/30/1943,5,"FORET D EPERLECQUES, France"
FRANCE,FORET D HALOUSE,76.0,8/14/1944,8/14/1944,4,"FORET D HALOUSE, France"
FRANCE,FORET DE BIARDS,184.0,6/10/1944,6/10/1944,4,"FORET DE BIARDS, France"
FRANCE,FORET DE CATTENOM,134.0,9/11/1944,9/11/1944,2,"FORET DE CATTENOM, France"
FRANCE,FORET DE CCNCHES,256.0,6/22/1944,6/30/1944,6,"FORET DE CCNCHES, France"
FRANCE,FORET DE CHANTILLY,949.0,8/15/1944,8/8/1944,5,"FORET DE CHANTILLY, France"
FRANCE,FORET DE CHATELLERAU,970.0,8/9/1944,8/9/1944,3,"FORET DE CHATELLERAU, France"
FRANCE,FORET DE CINGLAIS,273.0,7/12/1944,7/12/1944,12,"FORET DE CINGLAIS, France"
FRANCE,FORET DE CONCHES,1083.0,6/24/1944,7/6/1944,27,"FORET DE CONCHES, France"
FRANCE,FORET DE CRECY,142.0,6/7/1944,6/7/1944,4,"FORET DE CRECY, France"
FRANCE,FORET DE DREUX,40.0,7/5/1944,7/5/1944,2,"FORET DE DREUX, France"
FRANCE,FORET DE GRIMOBQ,16.0,6/8/1944,6/8/1944,4,"FORET DE GRIMOBQ, France"
FRANCE,FORET DE HAYE,1003.0,9/10/1944,9/12/1944,29,"FORET DE HAYE, France"
FRANCE,FORET DE L ISLE,24.0,8/18/1944,8/18/1944,2,"FORET DE L ISLE, France"
FRANCE,FORET DE L ISLE ADA,144.0,8/18/1944,8/18/1944,3,"FORET DE L ISLE ADA, France"
FRANCE,FORET DE L ISLE ADAM,770.0,8/12/1944,8/12/1944,3,"FORET DE L ISLE ADAM, France"
FRANCE,FORET DE LA GUERCHE,586.0,7/16/1944,7/31/1944,19,"FORET DE LA GUERCHE, France"
FRANCE,FORET DE LA LONDE,236.0,8/20/1944,8/20/1944,4,"FORET DE LA LONDE, France"
FRANCE,FORET DE LUCHEUX,515.0,8/8/1944,8/8/1944,2,"FORET DE LUCHEUX, France"
FRANCE,FORET DE MONTRICHARD,406.0,8/12/1944,8/12/1944,2,"FORET DE MONTRICHARD, France"
FRANCE,FORET DE MORMAL,873.0,8/9/1944,9/2/1943,4,"FORET DE MORMAL, France"
FRANCE,FORET DE NIEPPE,3401.0,7/28/1944,8/5/1944,15,"FORET DE NIEPPE, France"
FRANCE,FORET DE PARROY,64.0,9/28/1944,9/28/1944,7,"FORET DE PARROY, France"
FRANCE,FORET DE PERSEIGNE,147.0,8/6/1944,8/6/1944,3,"FORET DE PERSEIGNE, France"
FRANCE,FORET DE RAISMES,77.0,9/3/1943,9/3/1943,2,"FORET DE RAISMES, France"
FRANCE,FORET DE ROUMARE,266.0,8/11/1944,8/16/1944,13,"FORET DE ROUMARE, France"
FRANCE,FORET DE SAMOUSSY,72.0,8/27/1944,8/27/1944,3,"FORET DE SAMOUSSY, France"
FRANCE,FORET DE SENOCHES,1020.0,6/17/1944,7/28/1944,24,"FORET DE SENOCHES, France"
FRANCE,FORET DE SILLE,76.0,8/5/1944,8/5/1944,4,"FORET DE SILLE, France"
FRANCE,FORET DE ST SAENS,171.0,7/8/1944,8/2/1944,9,"FORET DE ST SAENS, France"
FRANCE,FORET DEANY,439.0,6/27/1944,6/27/1944,1,"FORET DEANY, France"
FRANCE,FORET DU CORBEAU,141.0,8/25/1944,8/25/1944,3,"FORET DU CORBEAU, France"
FRANCE,FORET DU CROC,1007.0,7/20/1944,8/9/1944,11,"FORET DU CROC, France"
FRANCE,FORETDENIEPPE HAZEBR,1179.0,8/2/1944,8/9/1944,8,"FORETDENIEPPE HAZEBR, France"
FRANCE,FORGES,60.0,7/31/1944,7/31/1944,4,"FORGES, France"
FRANCE,FORT MARDICK,528.0,4/27/1944,9/2/1943,12,"FORT MARDICK, France"
FRANCE,FORT PHILIPPE,152.0,4/20/1944,8/8/1943,7,"FORT PHILIPPE, France"
FRANCE,FORTMONT DE COUPLE,671.0,5/19/1944,5/31/1944,4,"FORTMONT DE COUPLE, France"
FRANCE,FOUGERES,477.0,6/6/1944,6/8/1944,4,"FOUGERES, France"
FRANCE,FOUILLARD,416.0,6/15/1944,6/15/1944,1,"FOUILLARD, France"
FRANCE,FOULBEC,112.0,8/17/1944,8/17/1944,2,"FOULBEC, France"
FRANCE,FOURNIVAL,693.0,8/26/1944,8/26/1944,21,"FOURNIVAL, France"
FRANCE,FRANZELLE,15.0,11/2/1940,11/2/1940,1,"FRANZELLE, France"
FRANCE,FREJUS,1188.0,8/10/1944,8/15/1944,36,"FREJUS, France"
FRANCE,FRENOUVILLE,1191.0,7/18/1944,7/18/1944,51,"FRENOUVILLE, France"
FRANCE,FRESNOY,123.0,7/8/1944,8/3/1944,6,"FRESNOY, France"
FRANCE,FREVAL,173.0,1/25/1944,2/9/1944,5,"FREVAL, France"
FRANCE,FREVENT,334.0,7/17/1944,8/8/1944,8,"FREVENT, France"
FRANCE,FROHEN,84.0,7/5/1944,7/5/1944,4,"FROHEN, France"
FRANCE,FROMENTEL,212.0,7/28/1944,8/8/1944,7,"FROMENTEL, France"
FRANCE,FRUGES BOIS DE COUP,159.0,12/31/1943,12/31/1943,3,"FRUGES BOIS DE COUP, France"
FRANCE,GAEL,318.0,6/10/1944,8/24/1940,16,"GAEL, France"
FRANCE,GALLARD,145.0,6/12/1944,6/14/1944,5,"GALLARD, France"
FRANCE,GAMACHES,30.0,7/11/1944,7/11/1944,4,"GAMACHES, France"
FRANCE,GAPENNES,119.0,7/11/1944,7/11/1944,3,"GAPENNES, France"
FRANCE,GASSICOURT,242.0,6/12/1944,7/8/1944,6,"GASSICOURT, France"
FRANCE,GATTEVILLE,122.0,6/6/1944,6/6/1944,2,"GATTEVILLE, France"
FRANCE,GENNEVILLIERS,1154.0,4/29/1942,9/29/1942,41,"GENNEVILLIERS, France"
FRANCE,GIEN,273.0,7/17/1944,7/6/1944,8,"GIEN, France"
FRANCE,GIRONDE RIVER,62.0,12/31/1943,12/31/1943,1,"GIRONDE RIVER, France"
FRANCE,GIVERVILLE,88.0,7/18/1944,7/18/1944,4,"GIVERVILLE, France"
FRANCE,GIVET,5.0,6/28/1944,7/31/1941,3,"GIVET, France"
FRANCE,GIVORS,1478.0,5/25/1944,8/6/1944,9,"GIVORS, France"
FRANCE,GLACIERE LA,1146.0,4/20/1944,5/8/1944,36,"GLACIERE LA, France"
FRANCE,GLENNES,22.0,2/26/1945,2/26/1945,2,"GLENNES, France"
FRANCE,GONDRECOURT,16.0,7/6/1944,7/6/1944,2,"GONDRECOURT, France"
FRANCE,GORENFLOS,1303.0,1/14/1944,6/25/1944,32,"GORENFLOS, France"
FRANCE,GOSNAY,28.0,11/8/1941,9/21/1941,10,"GOSNAY, France"
FRANCE,GOURNAY,216.0,8/2/1944,8/8/1944,9,"GOURNAY, France"
FRANCE,GRAND QUEVILLY,9.0,9/18/1941,9/20/1941,2,"GRAND QUEVILLY, France"
FRANCE,GRANVILLE,652.0,6/12/1944,7/8/1944,18,"GRANVILLE, France"
FRANCE,GRAVELINES,1322.0,10/16/1940,9/10/1941,46,"GRAVELINES, France"
FRANCE,GRENOBLE,239.0,5/26/1944,8/16/1944,3,"GRENOBLE, France"
FRANCE,GRIMONE,720.0,1/23/1944,6/23/1944,26,"GRIMONE, France"
FRANCE,GRIS NEZ,19.0,12/20/1940,8/19/1940,2,"GRIS NEZ, France"
FRANCE,GRISBECQ,597.0,6/5/1944,6/5/1944,2,"GRISBECQ, France"
FRANCE,GROSLEY,170.0,7/23/1944,7/28/1944,6,"GROSLEY, France"
FRANCE,GUESCHART,600.0,1/14/1944,12/24/1943,9,"GUESCHART, France"
FRANCE,GUINES,8.0,1/10/1941,9/6/1940,13,"GUINES, France"
FRANCE,GUYANCOURT,519.0,6/15/1944,6/17/1944,15,"GUYANCOURT, France"
FRANCE,GUYENCOURT,336.0,6/22/1944,6/22/1944,7,"GUYENCOURT, France"
FRANCE,HAGENAU,1080.0,11/17/1944,8/14/1944,46,"HAGENAU, France"
FRANCE,HAM,175.0,6/14/1944,8/28/1944,7,"HAM, France"
FRANCE,HANTAY,63.0,7/6/1944,7/6/1944,3,"HANTAY, France"
FRANCE,HARDELOT,1683.0,4/27/1944,9/19/1944,64,"HARDELOT, France"
FRANCE,HARKINGKELLES,252.0,6/2/1944,8/22/1940,4,"HARKINGKELLES, France"
FRANCE,HARNES,90.0,8/3/1944,8/3/1944,2,"HARNES, France"
FRANCE,HAUT MAISNIL,395.0,7/17/1944,8/8/1944,13,"HAUT MAISNIL, France"
FRANCE,HAUTECOTE,207.0,6/20/1944,6/20/1944,3,"HAUTECOTE, France"
FRANCE,HAZEBROUCK,793.0,3/19/1944,9/4/1943,31,"HAZEBROUCK, France"
FRANCE,HEBECREVON,1713.0,7/25/1944,7/25/1944,19,"HEBECREVON, France"
FRANCE,HELICOURT,64.0,7/11/1944,8/3/1944,4,"HELICOURT, France"
FRANCE,HENINLITTARD,176.0,8/25/1944,8/25/1944,12,"HENINLITTARD, France"
FRANCE,HERBOUVILLE,179.0,1/27/1944,2/28/1944,7,"HERBOUVILLE, France"
FRANCE,HERMANVILLE,303.0,6/1/1944,6/2/1944,9,"HERMANVILLE, France"
FRANCE,HESDIN,855.0,1/24/1944,9/2/1943,16,"HESDIN, France"
FRANCE,HEUDEIRE,288.0,4/27/1944,5/7/1944,6,"HEUDEIRE, France"
FRANCE,HEURINGHEM,603.0,1/21/1944,4/22/1944,15,"HEURINGHEM, France"
FRANCE,HIRSON,896.0,3/25/1944,3/6/1944,16,"HIRSON, France"
FRANCE,HOLQUE,60.0,6/24/1944,6/25/1944,2,"HOLQUE, France"
FRANCE,HONFLEUR,6.0,10/22/1941,10/22/1941,2,"HONFLEUR, France"
FRANCE,HOUDAN,28.0,8/7/1944,8/7/1944,2,"HOUDAN, France"
FRANCE,HOULGATE,879.0,6/20/1944,7/5/1944,13,"HOULGATE, France"
FRANCE,HOUPPEVILLE,168.0,7/17/1944,8/2/1944,6,"HOUPPEVILLE, France"
FRANCE,HULL LOUPOLN,11.0,6/29/1944,6/29/1944,1,"HULL LOUPOLN, France"
FRANCE,HUMIERES,273.0,7/6/1944,8/3/1944,15,"HUMIERES, France"
FRANCE,I DE PONQUEROLLES,141.0,8/12/1944,8/12/1944,6,"I DE PONQUEROLLES, France"
FRANCE,ILE DE CEZEMBRE,1125.0,8/11/1944,8/7/1944,48,"ILE DE CEZEMBRE, France"
FRANCE,ILE DU LEVANT,162.0,8/11/1944,8/11/1944,3,"ILE DU LEVANT, France"
FRANCE,ILE RATENNEAU,1029.0,8/24/1944,8/27/1944,33,"ILE RATENNEAU, France"
FRANCE,ILLIERS,807.0,6/12/1944,7/4/1944,21,"ILLIERS, France"
FRANCE,ISIGNY,66.0,6/8/1944,6/8/1944,6,"ISIGNY, France"
FRANCE,ISTRES,1173.0,1/21/1944,8/16/1944,19,"ISTRES, France"
FRANCE,JAFFE,560.0,4/15/1945,4/15/1945,16,"JAFFE, France"
FRANCE,JARD RIVER,72.0,8/6/1944,8/6/1944,4,"JARD RIVER, France"
FRANCE,JOIGNY,1324.0,6/25/1944,8/8/1944,23,"JOIGNY, France"
FRANCE,JUKSEY,280.0,7/17/1944,8/8/1944,9,"JUKSEY, France"
FRANCE,JUNAINCOURT,46.0,3/3/1944,3/3/1944,2,"JUNAINCOURT, France"
FRANCE,JUVINCOURT,1647.0,5/9/1944,7/23/1944,42,"JUVINCOURT, France"
FRANCE,JUVISY SUR ORGE,527.0,5/27/1944,8/3/1944,9,"JUVISY SUR ORGE, France"
FRANCE,JUZENNECOURT,1233.0,6/16/1944,8/12/1944,30,"JUZENNECOURT, France"
FRANCE,KEMBS,72.0,10/7/1944,10/7/1944,1,"KEMBS, France"
FRANCE,KERDREIN,144.0,8/25/1944,8/25/1944,3,"KERDREIN, France"
FRANCE,KERLIN,1248.0,6/7/1944,9/23/1943,42,"KERLIN, France"
FRANCE,L ISLE ADAM,954.0,7/5/1944,8/9/1944,27,"L ISLE ADAM, France"
FRANCE,LA BARBERIE,114.0,7/4/1944,7/4/1944,2,"LA BARBERIE, France"
FRANCE,LA BARRE,0.0,7/10/1944,7/10/1944,1,"LA BARRE, France"
FRANCE,LA BASSEE,7.0,9/26/1941,9/26/1941,1,"LA BASSEE, France"
FRANCE,LA BELLE,76.0,8/13/1944,8/13/1944,1,"LA BELLE, France"
FRANCE,LA BELLE HOTESSE,198.0,6/20/1944,6/20/1944,6,"LA BELLE HOTESSE, France"
FRANCE,LA BRETEQUE,169.0,8/1/1944,8/9/1944,5,"LA BRETEQUE, France"
FRANCE,LA CHAPELLE EN JAGE,1876.0,7/25/1944,8/3/1944,24,"LA CHAPELLE EN JAGE, France"
FRANCE,LA CHENAIE,140.0,8/3/1944,8/3/1944,2,"LA CHENAIE, France"
FRANCE,LA CROISILLE,218.0,7/23/1944,7/31/1944,8,"LA CROISILLE, France"
FRANCE,LA FAVERIE,132.0,6/10/1944,6/10/1944,4,"LA FAVERIE, France"
FRANCE,LA FERRIERE AU DOYE,128.0,8/17/1944,8/17/1944,4,"LA FERRIERE AU DOYE, France"
FRANCE,LA FERRIERE BACHET,21.0,7/6/1944,7/6/1944,3,"LA FERRIERE BACHET, France"
FRANCE,LA FERTE BERNARD,87.0,7/8/1944,7/8/1944,3,"LA FERTE BERNARD, France"
FRANCE,LA FERTE MACE,70.0,8/12/1944,8/12/1944,2,"LA FERTE MACE, France"
FRANCE,LA FOSSE CORDUAN,315.0,6/5/1944,6/5/1944,6,"LA FOSSE CORDUAN, France"
FRANCE,LA FRILLIERE,274.0,6/15/1944,6/8/1944,4,"LA FRILLIERE, France"
FRANCE,LA GLACERIE,795.0,1/1/1944,4/4/1944,25,"LA GLACERIE, France"
FRANCE,LA GLORAIRE,159.0,3/26/1944,3/26/1944,3,"LA GLORAIRE, France"
FRANCE,LA GOUESNIERE,68.0,7/28/1944,7/28/1944,4,"LA GOUESNIERE, France"
FRANCE,LA GRANDE VALLEE,480.0,7/17/1944,8/8/1944,15,"LA GRANDE VALLEE, France"
FRANCE,LA GRAVERIE,64.0,6/8/1944,6/8/1944,4,"LA GRAVERIE, France"
FRANCE,LA HAYE,1728.0,6/1/1944,8/28/1944,21,"LA HAYE, France"
FRANCE,LA HAYE DU PUITS,182.0,6/12/1944,6/8/1944,4,"LA HAYE DU PUITS, France"
FRANCE,LA HAYE PESNEL,93.0,7/24/1944,7/24/1944,3,"LA HAYE PESNEL, France"
FRANCE,LA HOLLANDE,60.0,3/24/1945,3/24/1945,3,"LA HOLLANDE, France"
FRANCE,LA HOUSSOYE,618.0,7/17/1944,8/8/1944,18,"LA HOUSSOYE, France"
FRANCE,LA LOUPE,351.0,6/17/1944,7/6/1944,12,"LA LOUPE, France"
FRANCE,LA MARRE,88.0,6/22/1944,6/22/1944,2,"LA MARRE, France"
FRANCE,LA MEILLARD,72.0,1/14/1944,1/14/1944,3,"LA MEILLARD, France"
FRANCE,LA MORINIERE,14.0,7/4/1944,7/4/1944,10,"LA MORINIERE, France"
FRANCE,LA PALLICE,2482.0,11/18/1942,9/16/1943,84,"LA PALLICE, France"
FRANCE,LA PERNELLE,1243.0,5/19/1944,6/7/1944,12,"LA PERNELLE, France"
FRANCE,LA PHILIBERTE FERME,88.0,7/14/1944,7/14/1944,2,"LA PHILIBERTE FERME, France"
FRANCE,LA POSSONIERE,294.0,6/15/1944,7/19/1944,4,"LA POSSONIERE, France"
FRANCE,LA POTSVIE AU PENCH,18.0,7/6/1944,7/6/1944,2,"LA POTSVIE AU PENCH, France"
FRANCE,LA POURCHINTE,282.0,9/1/1944,9/1/1944,3,"LA POURCHINTE, France"
FRANCE,LA PUISAYE,78.0,8/5/1944,8/5/1944,2,"LA PUISAYE, France"
FRANCE,LA RABELLERIE,78.0,8/17/1944,8/17/1944,2,"LA RABELLERIE, France"
FRANCE,LA RICAMARIE,78.0,3/10/1944,3/10/1944,1,"LA RICAMARIE, France"
FRANCE,LA ROCHE SUR YON,286.0,1/1/1945,12/27/1944,6,"LA ROCHE SUR YON, France"
FRANCE,LA ROCHELLE,447.0,1/12/1942,4/12/1941,16,"LA ROCHELLE, France"
FRANCE,LA ROUPIE,76.0,4/23/1944,4/23/1944,2,"LA ROUPIE, France"
FRANCE,LA SORELLERIE,52.0,2/15/1944,2/15/1944,2,"LA SORELLERIE, France"
FRANCE,LA VOULTE SUR RHONE,132.0,8/6/1944,8/7/1944,6,"LA VOULTE SUR RHONE, France"
FRANCE,LABROYE,264.0,1/21/1944,12/24/1943,6,"LABROYE, France"
FRANCE,LAIGLE,739.0,6/7/1944,8/5/1944,27,"LAIGLE, France"
FRANCE,LAMBERS,140.0,8/31/1944,8/31/1944,2,"LAMBERS, France"
FRANCE,LAMBUS,351.0,6/20/1944,6/23/1944,6,"LAMBUS, France"
FRANCE,LANDES DE BUSSAC,99.0,3/5/1944,3/5/1944,6,"LANDES DE BUSSAC, France"
FRANCE,LANEUVILLE,340.0,8/12/1944,8/9/1944,9,"LANEUVILLE, France"
FRANCE,LANNION,46.0,10/24/1941,9/17/1940,36,"LANNION, France"
FRANCE,LAON,7259.0,1/13/1943,8/8/1944,158,"LAON, France"
FRANCE,LAPENNE,153.0,4/12/1944,4/12/1944,3,"LAPENNE, France"
FRANCE,LAUNAY,92.0,8/17/1944,8/17/1944,4,"LAUNAY, France"
FRANCE,LAVAL,1936.0,5/28/1944,7/24/1944,39,"LAVAL, France"
FRANCE,LAVAUPLIERE,90.0,6/25/1944,6/25/1944,3,"LAVAUPLIERE, France"
FRANCE,LAYE LEBELLES MARTIN,180.0,6/29/1944,6/29/1944,5,"LAYE LEBELLES MARTIN, France"
FRANCE,LE BOURG,216.0,8/14/1944,8/17/1944,8,"LE BOURG, France"
FRANCE,LE BOURGET,2568.0,6/14/1944,8/16/1943,102,"LE BOURGET, France"
FRANCE,LE CHATELET,309.0,6/4/1944,6/4/1944,12,"LE CHATELET, France"
FRANCE,LE CLIPON,710.0,5/19/1944,5/27/1944,3,"LE CLIPON, France"
FRANCE,LE COMBE,48.0,8/13/1944,8/13/1944,2,"LE COMBE, France"
FRANCE,LE CREUSIL,24.0,7/9/1944,7/9/1944,1,"LE CREUSIL, France"
FRANCE,LE CREUSOT,2020.0,10/17/1942,6/19/1943,8,"LE CREUSOT, France"
FRANCE,LE GRAND ROSSIGNOL,497.0,6/20/1944,6/24/1944,3,"LE GRAND ROSSIGNOL, France"
FRANCE,LE GROSEILLER,63.0,4/20/1944,4/20/1944,6,"LE GROSEILLER, France"
FRANCE,LE HAVRE,16690.0,1/12/1941,9/8/1944,301,"LE HAVRE, France"
FRANCE,LE HOULME,108.0,6/22/1944,6/22/1944,3,"LE HOULME, France"
FRANCE,LE LENTIE,50.0,7/8/1944,7/8/1944,3,"LE LENTIE, France"
FRANCE,LE LIEGE,24.0,5/25/1944,5/25/1944,3,"LE LIEGE, France"
FRANCE,LE MAGDELAINE,64.0,6/6/1944,6/6/1944,2,"LE MAGDELAINE, France"
FRANCE,LE MANOIR,770.0,5/27/1944,8/13/1944,14,"LE MANOIR, France"
FRANCE,LE MANS,5564.0,3/13/1944,8/5/1944,150,"LE MANS, France"
FRANCE,LE MESGE,66.0,6/25/1944,6/25/1944,3,"LE MESGE, France"
FRANCE,LE MESNIL ALLARD,152.0,5/27/1944,5/27/1944,2,"LE MESNIL ALLARD, France"
FRANCE,LE MESNIL AMEY,78.0,7/24/1944,7/24/1944,3,"LE MESNIL AMEY, France"
FRANCE,LE NEUBOURG,21.0,8/13/1944,8/13/1944,1,"LE NEUBOURG, France"
FRANCE,LE NIEPPE,445.0,1/23/1944,8/2/1944,10,"LE NIEPPE, France"
FRANCE,LE PETIT BOIS ROBERT,93.0,1/14/1944,1/14/1944,3,"LE PETIT BOIS ROBERT, France"
FRANCE,LE PLOUY FERME,140.0,4/19/1944,4/20/1944,4,"LE PLOUY FERME, France"
FRANCE,LE PONTET,504.0,6/25/1944,8/6/1944,7,"LE PONTET, France"
FRANCE,LE PORT BOULET,207.0,6/15/1944,6/15/1944,2,"LE PORT BOULET, France"
FRANCE,LE POUZIN,436.0,8/19/1944,8/6/1944,9,"LE POUZIN, France"
FRANCE,LE TEIL,68.0,8/15/1944,8/15/1944,1,"LE TEIL, France"
FRANCE,LE TERTRE ST DENIS,24.0,7/6/1944,7/6/1944,2,"LE TERTRE ST DENIS, France"
FRANCE,LE TOUQUET,517.0,10/31/1941,9/29/1940,20,"LE TOUQUET, France"
FRANCE,LE TRAIT,41.0,3/25/1942,8/31/1941,8,"LE TRAIT, France"
FRANCE,LE TREPORT,256.0,2/20/1944,8/29/1940,17,"LE TREPORT, France"
FRANCE,LE TROUQUET,8.0,11/1/1940,9/6/1940,13,"LE TROUQUET, France"
FRANCE,LE VIVIER,174.0,6/17/1944,6/17/1944,3,"LE VIVIER, France"
FRANCE,LEGE,84.0,7/17/1944,7/17/1944,3,"LEGE, France"
FRANCE,LEGRISMONT,405.0,3/26/1944,4/27/1944,6,"LEGRISMONT, France"
FRANCE,LENS,3053.0,4/20/1944,8/4/1944,12,"LENS, France"
FRANCE,LES BUISSONS,135.0,8/12/1944,8/13/1944,7,"LES BUISSONS, France"
FRANCE,LES CATELLIERS,630.0,7/23/1944,8/9/1944,13,"LES CATELLIERS, France"
FRANCE,LES CERISES,72.0,8/7/1944,8/7/1944,2,"LES CERISES, France"
FRANCE,LES CHANOINES,381.0,7/24/1944,7/24/1944,6,"LES CHANOINES, France"
FRANCE,LES DUNES DE VARREV,56.0,6/6/1944,6/6/1944,2,"LES DUNES DE VARREV, France"
FRANCE,LES FOULON,86.0,7/17/1944,8/8/1944,3,"LES FOULON, France"
FRANCE,LES GRANDS BOIS,499.0,2/24/1944,4/30/1944,8,"LES GRANDS BOIS, France"
FRANCE,LES HAYONS,447.0,6/24/1944,6/24/1944,1,"LES HAYONS, France"
FRANCE,LES LANDES VILLE NEU,201.0,7/14/1944,7/14/1944,2,"LES LANDES VILLE NEU, France"
FRANCE,LES LOGES,154.0,7/30/1944,7/30/1944,6,"LES LOGES, France"
FRANCE,LES PETITS,158.0,1/29/1944,2/13/1944,4,"LES PETITS, France"
FRANCE,LES PONTS DE CE,358.0,7/19/1944,8/1/1944,6,"LES PONTS DE CE, France"
FRANCE,LESSAY,426.0,2/3/1941,6/8/1944,13,"LESSAY, France"
FRANCE,LEVENS,266.0,8/2/1944,8/4/1944,8,"LEVENS, France"
FRANCE,LIGESCOURT,1213.0,1/4/1944,6/25/1944,20,"LIGESCOURT, France"
FRANCE,LILLE,6672.0,1/12/1943,9/9/1943,254,"LILLE, France"
FRANCE,LIMAY,26.0,7/8/1944,7/8/1944,1,"LIMAY, France"
FRANCE,LIMOGES,467.0,2/8/1944,6/23/1944,4,"LIMOGES, France"
FRANCE,LINGHEM,596.0,1/14/1944,4/22/1944,17,"LINGHEM, France"
FRANCE,LINZEUX,382.0,7/22/1944,7/9/1944,4,"LINZEUX, France"
FRANCE,LISIEUX,2043.0,6/6/1944,9/26/1940,62,"LISIEUX, France"
FRANCE,LISON,25.0,5/23/1944,6/2/1944,5,"LISON, France"
FRANCE,LISSIEU,20.0,6/13/1944,6/13/1944,2,"LISSIEU, France"
FRANCE,LIVAROT,1245.0,7/24/1944,7/24/1944,10,"LIVAROT, France"
FRANCE,LIVOSSART,152.0,4/30/1944,4/30/1944,2,"LIVOSSART, France"
FRANCE,LIVRON,72.0,8/7/1944,8/7/1944,2,"LIVRON, France"
FRANCE,LOLTINGHEM,738.0,2/28/1944,3/2/1944,18,"LOLTINGHEM, France"
FRANCE,LONGEAVOUS,60.0,8/20/1944,8/20/1944,2,"LONGEAVOUS, France"
FRANCE,LONGEVILLE,552.0,2/28/1944,5/8/1944,15,"LONGEVILLE, France"
FRANCE,LONGUEMONT,54.0,1/4/1944,1/4/1944,2,"LONGUEMONT, France"
FRANCE,LONGUES,1003.0,6/2/1944,6/6/1944,9,"LONGUES, France"
FRANCE,LONQUENESSE,6.0,11/25/1943,11/25/1943,3,"LONQUENESSE, France"
FRANCE,LORIENT,7375.0,1/12/1941,9/27/1940,317,"LORIENT, France"
FRANCE,LOSTEBARNE,60.0,1/21/1944,1/21/1944,2,"LOSTEBARNE, France"
FRANCE,LOTTINGHEM,166.0,3/5/1944,3/5/1944,4,"LOTTINGHEM, France"
FRANCE,LOUVIERS,267.0,5/27/1944,8/13/1944,8,"LOUVIERS, France"
FRANCE,LOYES,72.0,8/25/1944,8/25/1944,2,"LOYES, France"
FRANCE,LUMBRES,6.0,7/12/1941,7/12/1941,1,"LUMBRES, France"
FRANCE,LUNEL,68.0,8/25/1944,8/25/1944,2,"LUNEL, France"
FRANCE,LUNEVILLE,15.0,7/13/1944,9/4/1940,2,"LUNEVILLE, France"
FRANCE,LUPE,696.0,8/2/1944,8/7/1944,18,"LUPE, France"
FRANCE,LUXEUIL LES BAINS,95.0,5/23/1944,5/31/1944,4,"LUXEUIL LES BAINS, France"
FRANCE,LYON,3431.0,3/23/1944,8/6/1944,70,"LYON, France"
FRANCE,MAILLY LE CAMP,1911.0,5/3/1944,5/3/1944,7,"MAILLY LE CAMP, France"
FRANCE,MAINTENON,1327.0,4/30/1944,8/7/1944,15,"MAINTENON, France"
FRANCE,MAISONCELLES,248.0,5/13/1944,5/9/1944,6,"MAISONCELLES, France"
FRANCE,MAISONS LAFFITTE,732.0,5/27/1944,6/24/1944,18,"MAISONS LAFFITTE, France"
FRANCE,MAIZY,1118.0,5/22/1944,6/7/1944,14,"MAIZY, France"
FRANCE,MALO LES BAINS,312.0,5/11/1944,5/8/1944,6,"MALO LES BAINS, France"
FRANCE,MAMERS,22.0,7/12/1944,7/12/1944,2,"MAMERS, France"
FRANCE,MANTES,2581.0,11/10/1940,8/8/1944,40,"MANTES, France"
FRANCE,MANVILLIERS,62.0,8/2/1944,8/2/1944,2,"MANVILLIERS, France"
FRANCE,MARCK,165.0,6/2/1944,6/2/1944,3,"MARCK, France"
FRANCE,MARDYCK,564.0,11/8/1941,6/22/1942,7,"MARDYCK, France"
FRANCE,MARGUENNEVILLE,158.0,4/20/1944,4/27/1944,4,"MARGUENNEVILLE, France"
FRANCE,MARIGNANC,256.0,3/9/1944,8/8/1944,10,"MARIGNANC, France"
FRANCE,MARIGNY,370.0,4/24/1944,8/5/1944,12,"MARIGNY, France"
FRANCE,MARMEGEN,30.0,12/25/1944,12/25/1944,1,"MARMEGEN, France"
FRANCE,MARNE,2.0,9/15/1941,9/15/1941,3,"MARNE, France"
FRANCE,MARQUENNEVILLE,144.0,3/5/1944,4/22/1944,7,"MARQUENNEVILLE, France"
FRANCE,MARQUISE,4870.0,1/14/1944,8/27/1944,65,"MARQUISE, France"
FRANCE,MARRE,96.0,7/12/1944,7/12/1944,2,"MARRE, France"
FRANCE,MARSEILLE LE PETIT,84.0,8/15/1944,8/15/1944,8,"MARSEILLE LE PETIT, France"
FRANCE,MARSEILLES,2423.0,12/2/1943,8/17/1943,65,"MARSEILLES, France"
FRANCE,MARTINVAST,758.0,4/27/1944,6/22/1944,15,"MARTINVAST, France"
FRANCE,MASSAY,1726.0,6/11/1944,6/7/1944,25,"MASSAY, France"
FRANCE,MAYENNE,464.0,2/14/1943,7/31/1944,6,"MAYENNE, France"
FRANCE,MAZINGARBE,536.0,10/13/1941,9/4/1941,26,"MAZINGARBE, France"
FRANCE,MEAULTE,1190.0,10/2/1942,9/6/1942,79,"MEAULTE, France"
FRANCE,MECHESHEIM,16.0,2/22/1945,2/22/1945,2,"MECHESHEIM, France"
FRANCE,MEDARD SURILLE,48.0,7/6/1944,7/6/1944,2,"MEDARD SURILLE, France"
FRANCE,MELUN,2778.0,11/14/1940,8/3/1944,65,"MELUN, France"
FRANCE,MEOBECK,102.0,6/6/1944,6/6/1944,6,"MEOBECK, France"
FRANCE,MEREY,356.0,7/12/1944,7/28/1944,10,"MEREY, France"
FRANCE,MERKWILLER,524.0,8/3/1944,8/3/1944,18,"MERKWILLER, France"
FRANCE,MERLIMONT,954.0,6/10/1944,6/3/1944,36,"MERLIMONT, France"
FRANCE,MERVILLE,2603.0,10/9/1942,9/26/1941,60,"MERVILLE, France"
FRANCE,MERY,467.0,7/5/1944,8/3/1944,16,"MERY, France"
FRANCE,MESNIL AU VAL,405.0,4/20/1944,4/27/1944,6,"MESNIL AU VAL, France"
FRANCE,METZ,12161.0,10/8/1944,9/11/1944,279,"METZ, France"
FRANCE,MEULAN,1187.0,10/14/1941,9/3/1943,18,"MEULAN, France"
FRANCE,MEYENVILLE,62.0,3/5/1944,3/5/1944,2,"MEYENVILLE, France"
FRANCE,MEZIDON,247.0,5/11/1944,7/18/1944,12,"MEZIDON, France"
FRANCE,MEZIERES,770.0,5/11/1944,7/17/1944,18,"MEZIERES, France"
FRANCE,MIAVAYE,22.0,1/14/1945,1/14/1945,2,"MIAVAYE, France"
FRANCE,MIDDEL STRAETE,156.0,6/21/1944,6/24/1944,8,"MIDDEL STRAETE, France"
FRANCE,MIESERY,23.0,8/13/1944,8/13/1944,1,"MIESERY, France"
FRANCE,MIMOYECQUES,1932.0,11/5/1943,5/1/1944,45,"MIMOYECQUES, France"
FRANCE,MIRAMAS,531.0,7/12/1944,8/6/1944,8,"MIRAMAS, France"
FRANCE,MIRVILLE,120.0,7/23/1944,7/23/1944,2,"MIRVILLE, France"
FRANCE,MODANE,2033.0,11/10/1940,9/16/1943,9,"MODANE, France"
FRANCE,MONACO,40.0,7/30/1944,8/9/1944,12,"MONACO, France"
FRANCE,MONCHY,458.0,12/8/1940,6/17/1944,26,"MONCHY, France"
FRANCE,MONDEVILLE,1233.0,2/11/1943,7/18/1944,6,"MONDEVILLE, France"
FRANCE,MONT CAUVAIRE,85.0,8/6/1944,8/8/1944,5,"MONT CAUVAIRE, France"
FRANCE,MONT DE MARSAN,406.0,3/27/1944,3/5/1944,7,"MONT DE MARSAN, France"
FRANCE,MONT FLEURY,604.0,6/5/1944,6/5/1944,2,"MONT FLEURY, France"
FRANCE,MONT LOUIS,436.0,6/19/1944,8/4/1944,16,"MONT LOUIS, France"
FRANCE,MONT SUR RISIE,92.0,8/17/1944,8/17/1944,2,"MONT SUR RISIE, France"
FRANCE,MONTAUBAN,136.0,6/11/1944,6/11/1944,2,"MONTAUBAN, France"
FRANCE,MONTBARTIER,544.0,6/25/1944,8/7/1944,20,"MONTBARTIER, France"
FRANCE,MONTBELIARD,433.0,7/15/1943,7/15/1943,2,"MONTBELIARD, France"
FRANCE,MONTDIDIER,2106.0,10/24/1943,7/17/1944,66,"MONTDIDIER, France"
FRANCE,MONTEBOURG,0.0,8/19/1940,8/19/1940,2,"MONTEBOURG, France"
FRANCE,MONTELIMAR,216.0,8/16/1944,8/23/1944,10,"MONTELIMAR, France"
FRANCE,MONTEREAU,208.0,8/1/1944,8/2/1944,2,"MONTEREAU, France"
FRANCE,MONTFALCON,216.0,8/1/1944,8/15/1944,4,"MONTFALCON, France"
FRANCE,MONTFARVILLE,122.0,6/10/1944,6/6/1944,7,"MONTFARVILLE, France"
FRANCE,MONTFORT,23.0,8/13/1944,8/13/1944,1,"MONTFORT, France"
FRANCE,MONTFORT SUR MEU,362.0,6/11/1944,7/17/1944,13,"MONTFORT SUR MEU, France"
FRANCE,MONTHOIS,98.0,7/1/1944,7/2/1944,8,"MONTHOIS, France"
FRANCE,MONTIGNY SUR SANCER,199.0,5/25/1944,5/25/1944,3,"MONTIGNY SUR SANCER, France"
FRANCE,MONTLUCON,1137.0,9/15/1943,9/15/1943,5,"MONTLUCON, France"
FRANCE,MONTORGUEIL,184.0,12/31/1943,6/21/1944,8,"MONTORGUEIL, France"
FRANCE,MONTPELLIER,1780.0,1/27/1944,8/24/1944,25,"MONTPELLIER, France"
FRANCE,MONTREUIL,1683.0,7/25/1944,7/25/1944,33,"MONTREUIL, France"
FRANCE,MONTREVEL,132.0,7/25/1944,7/25/1944,2,"MONTREVEL, France"
FRANCE,MONTRICHARD,201.0,8/11/1944,8/11/1944,3,"MONTRICHARD, France"
FRANCE,MONTSECRET,136.0,6/7/1944,6/7/1944,4,"MONTSECRET, France"
FRANCE,MORLAIX,56.0,1/12/1941,8/26/1940,22,"MORLAIX, France"
FRANCE,MORSALINES,767.0,5/27/1944,5/9/1944,6,"MORSALINES, France"
FRANCE,MOURMELON LE PETIT,627.0,8/12/1944,8/12/1944,20,"MOURMELON LE PETIT, France"
FRANCE,MOYENNEVILLE,477.0,1/14/1944,3/5/1944,9,"MOYENNEVILLE, France"
FRANCE,MUHLHAUSEN,898.0,5/11/1944,9/13/1944,24,"MUHLHAUSEN, France"
FRANCE,NANCY,1861.0,3/24/1944,9/10/1944,55,"NANCY, France"
FRANCE,NANTERRE,136.0,7/19/1944,7/19/1944,2,"NANTERRE, France"
FRANCE,NANTES,5549.0,11/22/1940,9/23/1943,144,"NANTES, France"
FRANCE,NANTEUIL,349.0,6/23/1944,8/8/1944,11,"NANTEUIL, France"
FRANCE,NASSANDRES,190.0,8/16/1944,8/17/1944,8,"NASSANDRES, France"
FRANCE,NAY,136.0,7/24/1944,7/24/1944,2,"NAY, France"
FRANCE,NEGRE CAPE,102.0,8/12/1944,8/12/1944,6,"NEGRE CAPE, France"
FRANCE,NESLE,168.0,6/3/1944,6/3/1944,6,"NESLE, France"
FRANCE,NEUFCHATEL,1073.0,5/8/1944,6/3/1944,20,"NEUFCHATEL, France"
FRANCE,NEUVILLE,54.0,6/20/1944,6/20/1944,4,"NEUVILLE, France"
FRANCE,NEUVY SUR LOIRE,340.0,7/17/1944,8/7/1944,7,"NEUVY SUR LOIRE, France"
FRANCE,NEVERS,520.0,7/15/1944,7/15/1944,2,"NEVERS, France"
FRANCE,NEVILLE,81.0,6/12/1944,6/12/1944,3,"NEVILLE, France"
FRANCE,NICE,1017.0,12/18/1943,8/6/1944,19,"NICE, France"
FRANCE,NIEDERBRONN,222.0,10/19/1944,3/19/1945,6,"NIEDERBRONN, France"
FRANCE,NIMES,663.0,5/27/1944,7/12/1944,13,"NIMES, France"
FRANCE,NIORT,58.0,6/7/1944,6/7/1944,1,"NIORT, France"
FRANCE,NIVILLERS,272.0,10/24/1943,8/11/1944,8,"NIVILLERS, France"
FRANCE,NOGENT,369.0,8/1/1944,8/7/1944,8,"NOGENT, France"
FRANCE,NOGENT L ARTAUD,180.0,6/25/1944,8/7/1944,5,"NOGENT L ARTAUD, France"
FRANCE,NOGENT LE ROI,386.0,7/12/1944,8/7/1944,10,"NOGENT LE ROI, France"
FRANCE,NOGENT LE ROTROU,99.0,6/17/1944,6/17/1944,3,"NOGENT LE ROTROU, France"
FRANCE,NONANCOURT,102.0,7/24/1944,7/24/1944,3,"NONANCOURT, France"
FRANCE,NORD,321.0,9/19/1943,9/9/1943,9,"NORD, France"
FRANCE,NOTRE DAME,313.0,1/21/1944,8/14/1944,10,"NOTRE DAME, France"
FRANCE,NOYELLE EN CHAUSSEE,560.0,1/4/1944,7/22/1944,9,"NOYELLE EN CHAUSSEE, France"
FRANCE,NOYEN,16.0,8/2/1944,8/2/1944,2,"NOYEN, France"
FRANCE,NOYON,69.0,6/17/1944,6/17/1944,3,"NOYON, France"
FRANCE,NUCOURT,3248.0,6/22/1944,7/15/1944,25,"NUCOURT, France"
FRANCE,NUNCO,189.0,2/8/1944,8/7/1944,8,"NUNCO, France"
FRANCE,NUNCQ,9.0,6/14/1944,6/14/1944,3,"NUNCQ, France"
FRANCE,OCTEVILLE,165.0,10/28/1940,8/28/1940,8,"OCTEVILLE, France"
FRANCE,OISEME,144.0,6/25/1944,6/25/1944,2,"OISEME, France"
FRANCE,OISEMONT,3495.0,6/17/1944,7/2/1944,26,"OISEMONT, France"
FRANCE,OISSEL,898.0,5/8/1944,8/6/1944,28,"OISSEL, France"
FRANCE,OISSEN,186.0,3/2/1945,3/2/1945,3,"OISSEN, France"
FRANCE,ORANGE,247.0,8/13/1944,8/19/1944,5,"ORANGE, France"
FRANCE,ORELLE,80.0,6/4/1944,6/4/1944,1,"ORELLE, France"
FRANCE,ORIVAL,484.0,5/27/1944,5/28/1944,8,"ORIVAL, France"
FRANCE,ORLEANS,7582.0,11/15/1940,8/24/1940,140,"ORLEANS, France"
FRANCE,ORLY,2366.0,11/10/1940,5/24/1944,49,"ORLY, France"
FRANCE,OSSUN,108.0,3/10/1944,3/10/1944,4,"OSSUN, France"
FRANCE,OUFFIERES,80.0,8/8/1944,8/8/1944,4,"OUFFIERES, France"
FRANCE,OUISTREHAM,717.0,4/27/1944,6/6/1944,24,"OUISTREHAM, France"
FRANCE,PACY SUR EURE,554.0,8/10/1944,8/18/1944,12,"PACY SUR EURE, France"
FRANCE,PARIS,8886.0,11/26/1943,9/9/1943,208,"PARIS, France"
FRANCE,PARVILLE,23.0,8/13/1944,8/13/1944,1,"PARVILLE, France"
FRANCE,PAS DE CALAIS,8738.0,1/14/1944,8/9/1944,272,"PAS DE CALAIS, France"
FRANCE,PAU,174.0,3/27/1944,3/27/1944,3,"PAU, France"
FRANCE,PAUILLAC,22.0,8/14/1940,8/27/1940,3,"PAUILLAC, France"
FRANCE,PDNT ST ESPRIT,223.0,8/15/1944,8/8/1944,7,"PDNT ST ESPRIT, France"
FRANCE,PERIERS,366.0,6/13/1944,6/8/1944,10,"PERIERS, France"
FRANCE,PERONNE,954.0,6/15/1944,9/13/1944,31,"PERONNE, France"
FRANCE,PERTHES,858.0,8/12/1944,8/8/1944,24,"PERTHES, France"
FRANCE,PETIT BOIS TILLENCO,60.0,2/13/1944,2/13/1944,2,"PETIT BOIS TILLENCO, France"
FRANCE,PLAGE ST GABRIEL,228.0,6/4/1944,6/4/1944,6,"PLAGE ST GABRIEL, France"
FRANCE,PLANCHES,23.0,8/13/1944,8/13/1944,1,"PLANCHES, France"
FRANCE,PLEURTUIT,261.0,6/11/1944,6/11/1944,9,"PLEURTUIT, France"
FRANCE,PLOERMEL,289.0,6/12/1944,6/13/1944,9,"PLOERMEL, France"
FRANCE,POINT DE LA COUBRE,1788.0,4/14/1945,4/15/1945,66,"POINT DE LA COUBRE, France"
FRANCE,POINTE DE GRAVE,3798.0,4/14/1945,4/15/1945,149,"POINTE DE GRAVE, France"
FRANCE,POINTE DES ESPAGNOL,56.0,8/25/1944,8/25/1944,2,"POINTE DES ESPAGNOL, France"
FRANCE,POINTES DES TRAYAS,36.0,8/15/1944,8/15/1944,3,"POINTES DES TRAYAS, France"
FRANCE,POISSY,689.0,3/26/1944,7/2/1944,27,"POISSY, France"
FRANCE,POITIERS,530.0,6/12/1944,6/12/1944,2,"POITIERS, France"
FRANCE,POIX,1920.0,10/28/1940,8/27/1943,77,"POIX, France"
FRANCE,POMEGUES ISLAND,144.0,8/27/1944,8/27/1944,3,"POMEGUES ISLAND, France"
FRANCE,POMERANIAN,80.0,9/8/1943,9/8/1943,4,"POMERANIAN, France"
FRANCE,POMMEREVAL,677.0,1/29/1944,6/24/1944,12,"POMMEREVAL, France"
FRANCE,POMPEY,72.0,9/10/1944,9/10/1944,2,"POMPEY, France"
FRANCE,PON LONG,174.0,3/27/1944,3/27/1944,3,"PON LONG, France"
FRANCE,PONT A VENDIN,48.0,10/31/1942,9/22/1942,12,"PONT A VENDIN, France"
FRANCE,PONT AUDEMER,306.0,6/12/1944,8/17/1944,16,"PONT AUDEMER, France"
FRANCE,PONT AUTHOU,268.0,7/31/1944,8/17/1944,10,"PONT AUTHOU, France"
FRANCE,PONT BERNEVAL,72.0,2/13/1944,2/13/1944,3,"PONT BERNEVAL, France"
FRANCE,PONT D AIN,66.0,8/25/1944,8/25/1944,2,"PONT D AIN, France"
FRANCE,PONT L EVEQUE,419.0,6/13/1944,8/13/1944,16,"PONT L EVEQUE, France"
FRANCE,PONT ST ESPRIT,80.0,8/8/1944,8/8/1944,2,"PONT ST ESPRIT, France"
FRANCE,PONTDUBAULT,2018.0,6/11/1944,6/8/1944,57,"PONTDUBAULT, France"
FRANCE,PONTOISE,252.0,8/14/1944,8/9/1944,4,"PONTOISE, France"
FRANCE,PORCARO,23.0,6/13/1944,6/13/1944,1,"PORCARO, France"
FRANCE,PORQUEROLLES,462.0,1/17/1944,8/12/1944,21,"PORQUEROLLES, France"
FRANCE,PORT EN BESSIN,381.0,6/6/1944,6/7/1944,21,"PORT EN BESSIN, France"
FRANCE,PORTES LES ST QUEN,328.0,8/2/1944,8/2/1944,4,"PORTES LES ST QUEN, France"
FRANCE,PORTES LES VALENCES,502.0,8/2/1944,8/6/1944,6,"PORTES LES VALENCES, France"
FRANCE,PREDEFIN,411.0,6/19/1944,6/20/1944,9,"PREDEFIN, France"
FRANCE,PREUSEVILLE,814.0,1/21/1944,8/9/1944,16,"PREUSEVILLE, France"
FRANCE,PROUVILLE,135.0,6/20/1944,6/20/1944,3,"PROUVILLE, France"
FRANCE,PT DE LA GOUBRE,108.0,1/4/1945,12/28/1944,6,"PT DE LA GOUBRE, France"
FRANCE,QUEND,112.0,6/2/1944,6/2/1944,2,"QUEND, France"
FRANCE,QUERRIEU,312.0,8/28/1944,8/28/1944,6,"QUERRIEU, France"
FRANCE,QUILLEBEUF,81.0,2/9/1944,2/9/1944,3,"QUILLEBEUF, France"
FRANCE,QUINEAMPOIX,156.0,8/1/1944,8/2/1944,6,"QUINEAMPOIX, France"
FRANCE,QUINEVILLE,363.0,6/10/1944,6/14/1944,9,"QUINEVILLE, France"
FRANCE,RATENNEAU ISLAND,168.0,8/25/1944,8/25/1944,10,"RATENNEAU ISLAND, France"
FRANCE,RECQUES SUR COURES,138.0,8/7/1944,8/7/1944,2,"RECQUES SUR COURES, France"
FRANCE,REDON,114.0,6/21/1944,6/21/1944,3,"REDON, France"
FRANCE,REGNAUVILLE,184.0,6/18/1944,6/18/1944,5,"REGNAUVILLE, France"
FRANCE,REGNEVILLE,444.0,6/19/1944,6/22/1944,24,"REGNEVILLE, France"
FRANCE,REIMS,2294.0,12/22/1940,9/26/1943,71,"REIMS, France"
FRANCE,RELY,315.0,7/6/1944,8/6/1944,10,"RELY, France"
FRANCE,REMAISNIL,280.0,6/23/1944,8/2/1944,8,"REMAISNIL, France"
FRANCE,REMILLY,46.0,8/7/1944,8/7/1944,2,"REMILLY, France"
FRANCE,RENESCURE,1026.0,6/16/1944,7/6/1944,31,"RENESCURE, France"
FRANCE,RENNES,2804.0,1/31/1942,8/24/1940,116,"RENNES, France"
FRANCE,REVIGNY SUR ORNAIN,863.0,7/12/1944,7/18/1944,7,"REVIGNY SUR ORNAIN, France"
FRANCE,RHONE VALLEY,166.0,8/16/1944,8/17/1944,14,"RHONE VALLEY, France"
FRANCE,RILLY LA MONTAGNE,754.0,7/17/1944,7/31/1944,9,"RILLY LA MONTAGNE, France"
FRANCE,RIVER ANDELLE,57.0,6/7/1944,6/7/1944,2,"RIVER ANDELLE, France"
FRANCE,RIVERCOURT,20.0,8/14/1944,8/14/1944,2,"RIVERCOURT, France"
FRANCE,ROLLEZ,187.0,7/12/1944,7/19/1944,8,"ROLLEZ, France"
FRANCE,ROMILLY SUR SEINE,2998.0,12/20/1942,9/3/1943,85,"ROMILLY SUR SEINE, France"
FRANCE,ROMORANTIN,909.0,4/10/1944,6/4/1944,15,"ROMORANTIN, France"
FRANCE,RONS,144.0,8/12/1944,8/12/1944,3,"RONS, France"
FRANCE,ROSIERES,272.0,2/28/1944,3/3/1944,10,"ROSIERES, France"
FRANCE,ROTONNEAU,129.0,8/27/1944,8/27/1944,6,"ROTONNEAU, France"
FRANCE,ROUEN,5324.0,1/9/1943,9/6/1943,128,"ROUEN, France"
FRANCE,ROYAN,17906.0,1/4/1945,4/16/1945,433,"ROYAN, France"
FRANCE,ROYE,501.0,11/26/1943,6/12/1944,17,"ROYE, France"
FRANCE,RUGLES,149.0,8/13/1944,8/8/1944,4,"RUGLES, France"
FRANCE,RUISSEAUVILLE,468.0,2/5/1944,5/8/1944,10,"RUISSEAUVILLE, France"
FRANCE,SAARBURG,284.0,12/23/1944,12/23/1944,6,"SAARBURG, France"
FRANCE,SAAREGUEMINES,317.0,5/1/1944,8/24/1940,10,"SAAREGUEMINES, France"
FRANCE,SABLE SUR SARTHE,834.0,5/6/1944,5/6/1944,4,"SABLE SUR SARTHE, France"
FRANCE,SABLES,134.0,7/24/1944,7/24/1944,2,"SABLES, France"
FRANCE,SAINGHIN,36.0,6/22/1944,6/22/1944,1,"SAINGHIN, France"
FRANCE,SAINT NICOLAS,18.0,8/13/1944,8/13/1944,3,"SAINT NICOLAS, France"
FRANCE,SAINTES,550.0,6/23/1944,6/23/1944,2,"SAINTES, France"
FRANCE,SALBRIS,196.0,5/7/1944,5/7/1944,1,"SALBRIS, France"
FRANCE,SALEUX,144.0,8/7/1944,8/7/1944,4,"SALEUX, France"
FRANCE,SALON,1924.0,1/21/1944,8/17/1943,34,"SALON, France"
FRANCE,SANGATTE,1129.0,5/9/1944,6/5/1944,24,"SANGATTE, France"
FRANCE,SAUMUR,1025.0,5/31/1944,7/8/1944,13,"SAUMUR, France"
FRANCE,SAUTRECOURT,370.0,6/16/1944,6/16/1944,1,"SAUTRECOURT, France"
FRANCE,SEDAN,36.0,10/13/1941,8/14/1944,3,"SEDAN, France"
FRANCE,SEINE INFERIEURE,136.0,8/4/1943,9/11/1943,4,"SEINE INFERIEURE, France"
FRANCE,SENONCHES,919.0,6/17/1944,7/5/1944,36,"SENONCHES, France"
FRANCE,SENS,385.0,6/25/1944,8/2/1944,8,"SENS, France"
FRANCE,SERQUEUX,402.0,6/6/1944,9/6/1943,9,"SERQUEUX, France"
FRANCE,SERQUIGNY,186.0,7/23/1944,7/28/1944,6,"SERQUIGNY, France"
FRANCE,SETE,3023.0,6/25/1944,8/14/1944,70,"SETE, France"
FRANCE,SIRACOURT,2275.0,3/19/1944,7/6/1944,19,"SIRACOURT, France"
FRANCE,SISTERON,120.0,8/15/1944,8/15/1944,4,"SISTERON, France"
FRANCE,SOISSONS,9.0,6/23/1944,6/23/1944,3,"SOISSONS, France"
FRANCE,SOLESMES,38.0,5/9/1944,5/9/1944,2,"SOLESMES, France"
FRANCE,SOLTEVAST,2081.0,4/20/1944,5/8/1944,42,"SOLTEVAST, France"
FRANCE,SOMAIN,1938.0,4/29/1944,8/11/1944,17,"SOMAIN, France"
FRANCE,SOMME,160.0,12/20/1943,12/20/1943,6,"SOMME, France"
FRANCE,SOTTEVAST,316.0,2/15/1944,4/28/1944,14,"SOTTEVAST, France"
FRANCE,ST ALBAN,120.0,8/23/1944,8/25/1944,4,"ST ALBAN, France"
FRANCE,ST ANDRE DE L EURE,2210.0,10/24/1943,9/3/1943,54,"ST ANDRE DE L EURE, France"
FRANCE,ST AUBIN,280.0,10/8/1940,9/23/1940,12,"ST AUBIN, France"
FRANCE,ST AVOLD,390.0,6/25/1944,6/25/1944,9,"ST AVOLD, France"
FRANCE,ST BRIEUC,28.0,11/10/1940,9/27/1940,20,"ST BRIEUC, France"
FRANCE,ST CECILE,771.0,6/2/1944,6/3/1944,21,"ST CECILE, France"
FRANCE,ST CECILY,615.0,4/27/1944,5/24/1944,18,"ST CECILY, France"
FRANCE,ST CHISLAIN,542.0,4/26/1944,4/26/1944,12,"ST CHISLAIN, France"
FRANCE,ST CORNIER DES LAND,130.0,6/15/1944,6/15/1944,4,"ST CORNIER DES LAND, France"
FRANCE,ST CYPRIEN,38.0,5/6/1943,5/6/1943,9,"ST CYPRIEN, France"
FRANCE,ST CYR,1145.0,6/15/1944,7/25/1944,23,"ST CYR, France"
FRANCE,ST DIZIER,2542.0,10/4/1943,8/2/1944,70,"ST DIZIER, France"
FRANCE,ST ESPRIT,74.0,8/7/1944,8/7/1944,2,"ST ESPRIT, France"
FRANCE,ST ETIENNE,662.0,5/26/1944,6/2/1944,8,"ST ETIENNE, France"
FRANCE,ST FLORENTIN,404.0,8/10/1944,8/7/1944,12,"ST FLORENTIN, France"
FRANCE,ST GEORGES SUR FONT,192.0,8/2/1944,8/6/1944,9,"ST GEORGES SUR FONT, France"
FRANCE,ST GERMAIN EN LAYE,24.0,7/6/1944,7/6/1944,2,"ST GERMAIN EN LAYE, France"
FRANCE,ST GERVAIS,18.0,7/6/1944,7/6/1944,3,"ST GERVAIS, France"
FRANCE,ST GILLES,284.0,7/12/1944,7/25/1944,9,"ST GILLES, France"
FRANCE,ST GOBAIN,378.0,8/26/1944,8/26/1944,9,"ST GOBAIN, France"
FRANCE,ST HILAIRE DU HARCO,296.0,6/14/1944,7/19/1944,10,"ST HILAIRE DU HARCO, France"
FRANCE,ST JACQUES,513.0,6/12/1944,6/8/1944,21,"ST JACQUES, France"
FRANCE,ST JEAN,1278.0,12/31/1943,8/8/1944,21,"ST JEAN, France"
FRANCE,ST JOSE AU BOIS,216.0,12/24/1943,12/24/1943,3,"ST JOSE AU BOIS, France"
FRANCE,ST JOSSE,68.0,12/6/1943,12/6/1943,2,"ST JOSSE, France"
FRANCE,ST LEGER,75.0,6/14/1944,6/14/1944,3,"ST LEGER, France"
FRANCE,ST LEU D ESSERENT,4808.0,7/4/1944,8/5/1944,10,"ST LEU D ESSERENT, France"
FRANCE,ST LO,10123.0,6/10/1944,7/25/1944,404,"ST LO, France"
FRANCE,ST LOUBES,158.0,8/7/1944,8/7/1944,6,"ST LOUBES, France"
FRANCE,ST LUBIN,246.0,6/17/1944,8/14/1944,6,"ST LUBIN, France"
FRANCE,ST MALO,1340.0,1/13/1941,8/8/1944,39,"ST MALO, France"
FRANCE,ST MANDRIER,132.0,8/16/1944,8/16/1944,3,"ST MANDRIER, France"
FRANCE,ST MARIE,1034.0,5/19/1944,6/1/1944,37,"ST MARIE, France"
FRANCE,ST MARTIN,849.0,6/20/1944,6/27/1944,45,"ST MARTIN, France"
FRANCE,ST MARTIN BELLEVUE,198.0,6/13/1944,6/13/1944,3,"ST MARTIN BELLEVUE, France"
FRANCE,ST MARTIN D AUXIGNY,102.0,7/30/1944,7/30/1944,3,"ST MARTIN D AUXIGNY, France"
FRANCE,ST MARTIN D VARREV,914.0,5/28/1944,6/5/1944,3,"ST MARTIN D VARREV, France"
FRANCE,ST MARTIN DE LA LIE,116.0,8/14/1944,8/14/1944,4,"ST MARTIN DE LA LIE, France"
FRANCE,ST MARTIN DE VARREV,334.0,6/6/1944,6/6/1944,4,"ST MARTIN DE VARREV, France"
FRANCE,ST MARTIN DES BIEN,64.0,7/30/1944,7/30/1944,2,"ST MARTIN DES BIEN, France"
FRANCE,ST MARTIN L HORTIER,2009.0,6/17/1944,7/5/1944,8,"ST MARTIN L HORTIER, France"
FRANCE,ST MEDARD EN JALLES,380.0,4/28/1944,4/29/1944,6,"ST MEDARD EN JALLES, France"
FRANCE,ST NAZAIRE,6466.0,1/2/1942,8/29/1940,321,"ST NAZAIRE, France"
FRANCE,ST OMER,1833.0,1/13/1943,9/9/1943,146,"ST OMER, France"
FRANCE,ST PHILIBERT FERME,1308.0,7/16/1944,8/8/1944,6,"ST PHILIBERT FERME, France"
FRANCE,ST PIERRE D ALBIGNY,151.0,6/6/1944,8/16/1944,7,"ST PIERRE D ALBIGNY, France"
FRANCE,ST PIERRE DE LA FAG,804.0,1/14/1944,9/3/1944,24,"ST PIERRE DE LA FAG, France"
FRANCE,ST PIERRE DE LA FAGE,1.0,11/14/1940,11/14/1940,1,"ST PIERRE DE LA FAGE, France"
FRANCE,ST PIERRE DES JONOUI,42.0,2/13/1944,2/13/1944,2,"ST PIERRE DES JONOUI, France"
FRANCE,ST PIERRE DU FRESNE,158.0,7/30/1944,7/30/1944,4,"ST PIERRE DU FRESNE, France"
FRANCE,ST PIERRE DU MONT,1407.0,4/25/1944,8/8/1944,25,"ST PIERRE DU MONT, France"
FRANCE,ST PIERRE SUR DIVES,116.0,6/13/1944,6/13/1944,4,"ST PIERRE SUR DIVES, France"
FRANCE,ST POL,10842.0,1/31/1944,9/7/1943,268,"ST POL, France"
FRANCE,ST QUEN,176.0,6/22/1944,6/22/1944,7,"ST QUEN, France"
FRANCE,ST QUENTIN,650.0,11/11/1940,6/22/1944,16,"ST QUENTIN, France"
FRANCE,ST RAMBERT,170.0,8/6/1944,8/6/1944,2,"ST RAMBERT, France"
FRANCE,ST REMI SUR AVRE,164.0,7/16/1944,8/6/1944,8,"ST REMI SUR AVRE, France"
FRANCE,ST REMY AUX BOIS,37.0,8/18/1944,8/28/1944,3,"ST REMY AUX BOIS, France"
FRANCE,ST RIGUER,241.0,8/31/1944,8/31/1944,3,"ST RIGUER, France"
FRANCE,ST SAENS,90.0,7/9/1944,7/9/1944,3,"ST SAENS, France"
FRANCE,ST SAUVEUR LE VICOM,26.0,6/10/1944,6/10/1944,2,"ST SAUVEUR LE VICOM, France"
FRANCE,ST SENOUX,124.0,6/8/1944,6/8/1944,6,"ST SENOUX, France"
FRANCE,ST SEROTIN,147.0,1/21/1944,1/21/1944,3,"ST SEROTIN, France"
FRANCE,ST SYLVAIN,867.0,8/8/1944,8/8/1944,42,"ST SYLVAIN, France"
FRANCE,ST SYLVESTRE,237.0,7/17/1944,8/3/1944,9,"ST SYLVESTRE, France"
FRANCE,ST TROPEZ,2100.0,8/10/1944,8/15/1944,72,"ST TROPEZ, France"
FRANCE,ST VALERY EN CAUX,1169.0,5/25/1944,9/5/1943,41,"ST VALERY EN CAUX, France"
FRANCE,ST VALLIER,55.0,8/16/1944,8/16/1944,1,"ST VALLIER, France"
FRANCE,ST VINCENT,29.0,6/13/1944,6/13/1944,4,"ST VINCENT, France"
FRANCE,STE JAMME SUR SARTH,24.0,7/12/1944,7/12/1944,2,"STE JAMME SUR SARTH, France"
FRANCE,STELLA PLAGE,1194.0,6/2/1944,6/5/1944,21,"STELLA PLAGE, France"
FRANCE,STEYR,94.0,4/2/1944,4/2/1944,2,"STEYR, France"
FRANCE,STRASSBURG,2456.0,5/27/1944,9/6/1943,70,"STRASSBURG, France"
FRANCE,SULLY SUR LOIRE,242.0,7/17/1944,7/6/1944,6,"SULLY SUR LOIRE, France"
FRANCE,SUSA,68.0,8/23/1944,8/23/1944,2,"SUSA, France"
FRANCE,TAILLEVILLE,423.0,6/5/1944,6/5/1944,6,"TAILLEVILLE, France"
FRANCE,TARARE,24.0,8/28/1944,8/28/1944,2,"TARARE, France"
FRANCE,TARASCON,985.0,6/25/1944,8/6/1944,26,"TARASCON, France"
FRANCE,TERGNIER,2342.0,1/13/1943,5/31/1944,18,"TERGNIER, France"
FRANCE,TESSEL BRETTEVILLE,18.0,11/6/1944,11/6/1944,3,"TESSEL BRETTEVILLE, France"
FRANCE,THENNES,88.0,8/2/1944,8/2/1944,1,"THENNES, France"
FRANCE,THEOULE,131.0,7/12/1944,7/12/1944,2,"THEOULE, France"
FRANCE,THIBOUVILLE,54.0,8/16/1944,8/16/1944,6,"THIBOUVILLE, France"
FRANCE,THIONVILLE,943.0,11/9/1944,5/9/1944,30,"THIONVILLE, France"
FRANCE,THIVERNY,1279.0,7/12/1944,7/9/1944,7,"THIVERNY, France"
FRANCE,THURY HARCOURT,582.0,6/30/1944,6/6/1944,13,"THURY HARCOURT, France"
FRANCE,TICHEVILLE,36.0,8/14/1944,8/14/1944,2,"TICHEVILLE, France"
FRANCE,TILLE,144.0,6/16/1944,6/16/1944,3,"TILLE, France"
FRANCE,TILLY SUR SEULLES,88.0,6/7/1944,6/7/1944,2,"TILLY SUR SEULLES, France"
FRANCE,TINGRY,172.0,6/22/1944,6/24/1944,8,"TINGRY, France"
FRANCE,TONNERRE,30.0,5/25/1944,5/25/1944,1,"TONNERRE, France"
FRANCE,TORIGNY SUR VIRE,144.0,6/12/1944,6/12/1944,4,"TORIGNY SUR VIRE, France"
FRANCE,TORQUEVILLE,18.0,2/11/1944,2/11/1944,2,"TORQUEVILLE, France"
FRANCE,TOUL,675.0,4/27/1944,8/3/1944,18,"TOUL, France"
FRANCE,TOULENNE,134.0,8/8/1944,8/8/1944,4,"TOULENNE, France"
FRANCE,TOULON,10888.0,11/24/1943,8/6/1944,195,"TOULON, France"
FRANCE,TOULOUSE,2798.0,4/5/1944,8/6/1944,51,"TOULOUSE, France"
FRANCE,TOUQUES,324.0,6/3/1944,6/3/1944,12,"TOUQUES, France"
FRANCE,TOUR LAIVILLE,216.0,6/24/1944,6/24/1944,3,"TOUR LAIVILLE, France"
FRANCE,TOURCOING,24.0,5/10/1944,5/10/1944,2,"TOURCOING, France"
FRANCE,TOURNAN EN BRIE,116.0,6/22/1944,6/22/1944,2,"TOURNAN EN BRIE, France"
FRANCE,TOURNEHEM,387.0,3/20/1944,4/20/1944,9,"TOURNEHEM, France"
FRANCE,TOURS,7386.0,1/5/1944,8/22/1940,132,"TOURS, France"
FRANCE,TOUSSUS,954.0,6/15/1944,8/11/1944,39,"TOUSSUS, France"
FRANCE,TRAPPES,2848.0,3/6/1944,6/2/1944,7,"TRAPPES, France"
FRANCE,TRIQUERVILLE,817.0,11/3/1943,9/16/1943,42,"TRIQUERVILLE, France"
FRANCE,TROARN,963.0,7/18/1944,7/18/1944,18,"TROARN, France"
FRANCE,TROISSY,3388.0,8/12/1944,8/4/1944,11,"TROISSY, France"
FRANCE,TROUVILLE,952.0,5/11/1944,6/6/1944,18,"TROUVILLE, France"
FRANCE,TROYES,433.0,5/1/1944,8/3/1944,10,"TROYES, France"
FRANCE,TUSSELAGE,66.0,8/16/1944,8/18/1944,4,"TUSSELAGE, France"
FRANCE,UNIDENTIFIED,711.0,1/7/1944,8/8/1944,38,"UNIDENTIFIED, France"
FRANCE,UNKNOWN,11738.0,1/13/1941,9/3/1943,342,"UNKNOWN, France"
FRANCE,UREPEL,24.0,3/20/1945,3/20/1945,3,"UREPEL, France"
FRANCE,VACQUERIETTE,297.0,1/13/1943,2/28/1944,9,"VACQUERIETTE, France"
FRANCE,VAILLY SUR AISNE,16.0,8/10/1944,8/10/1944,2,"VAILLY SUR AISNE, France"
FRANCE,VAIRES,1708.0,3/29/1944,7/7/1944,8,"VAIRES, France"
FRANCE,VALENCE,845.0,7/24/1944,8/6/1944,13,"VALENCE, France"
FRANCE,VALENCIENNES,1021.0,12/8/1940,8/19/1940,24,"VALENCIENNES, France"
FRANCE,VALENTON,147.0,8/18/1944,8/18/1944,3,"VALENTON, France"
FRANCE,VALOGNES,350.0,6/10/1944,6/15/1944,10,"VALOGNES, France"
FRANCE,VANNES,911.0,1/12/1941,9/23/1943,45,"VANNES, France"
FRANCE,VAR RIVER,399.0,1/2/1943,8/2/1944,8,"VAR RIVER, France"
FRANCE,VARENGEVILLE SUR ME,249.0,5/19/1944,5/20/1944,9,"VARENGEVILLE SUR ME, France"
FRANCE,VENABLES,23.0,8/13/1944,8/13/1944,2,"VENABLES, France"
FRANCE,VER SUR MER,513.0,6/6/1944,6/6/1944,21,"VER SUR MER, France"
FRANCE,VERBERIE,186.0,8/18/1944,8/9/1944,4,"VERBERIE, France"
FRANCE,VERNEVILLE,9.0,5/27/1944,5/27/1944,3,"VERNEVILLE, France"
FRANCE,VERNON,248.0,5/26/1944,5/26/1944,4,"VERNON, France"
FRANCE,VERSAILLES,873.0,6/10/1944,6/7/1944,5,"VERSAILLES, France"
FRANCE,VIERVILLE,306.0,6/6/1944,6/6/1944,12,"VIERVILLE, France"
FRANCE,VIERZON,605.0,6/30/1944,8/24/1940,3,"VIERZON, France"
FRANCE,VIGNACOURT,429.0,6/19/1944,7/6/1944,21,"VIGNACOURT, France"
FRANCE,VILLA COUBLAY,4074.0,11/10/1940,8/8/1944,180,"VILLA COUBLAY, France"
FRANCE,VILLADIEU,166.0,6/7/1944,7/24/1944,5,"VILLADIEU, France"
FRANCE,VILLAROCHE,108.0,8/1/1944,8/1/1944,3,"VILLAROCHE, France"
FRANCE,VILLE ES NONAIS,132.0,6/12/1944,6/12/1944,1,"VILLE ES NONAIS, France"
FRANCE,VILLENEUVE,2263.0,4/26/1944,6/4/1944,17,"VILLENEUVE, France"
FRANCE,VILLENEUVE LE ROI,1104.0,5/18/1944,7/4/1944,5,"VILLENEUVE LE ROI, France"
FRANCE,VILLERS BOCAGE,1312.0,6/30/1944,6/30/1944,2,"VILLERS BOCAGE, France"
FRANCE,VILLERS LA HOSPITAL,738.0,7/17/1944,8/8/1944,30,"VILLERS LA HOSPITAL, France"
FRANCE,VILLERS LA MONTAGNE,18.0,8/4/1944,8/4/1944,1,"VILLERS LA MONTAGNE, France"
FRANCE,VILLERVILLE,210.0,4/20/1944,4/20/1944,12,"VILLERVILLE, France"
FRANCE,VIMCLY,155.0,8/18/1944,8/28/1944,5,"VIMCLY, France"
FRANCE,VIRE,1572.0,6/12/1944,6/7/1944,38,"VIRE, France"
FRANCE,VITRE,212.0,6/29/1944,7/6/1944,4,"VITRE, France"
FRANCE,VITRY,377.0,6/27/1944,6/7/1944,3,"VITRY, France"
FRANCE,VITRY EN ARTOIS,1010.0,10/26/1940,9/9/1943,50,"VITRY EN ARTOIS, France"
FRANCE,VOSGES HOUSSIERE LA,33.0,8/6/1944,9/1/1944,6,"VOSGES HOUSSIERE LA, France"
FRANCE,VOUEL,36.0,7/17/1944,7/17/1944,1,"VOUEL, France"
FRANCE,WADICOURT,267.0,7/17/1944,8/3/1944,9,"WADICOURT, France"
FRANCE,WATTEN,8136.0,2/13/1944,9/7/1943,214,"WATTEN, France"
FRANCE,WEMAERS CAPPEL,292.0,7/28/1944,8/28/1944,10,"WEMAERS CAPPEL, France"
FRANCE,WIMEREUX,2761.0,4/27/1944,6/5/1944,84,"WIMEREUX, France"
FRANCE,WISQUES,591.0,3/19/1944,4/27/1944,12,"WISQUES, France"
FRANCE,WISSANT,838.0,6/2/1944,6/5/1944,26,"WISSANT, France"
FRANCE,WISSEMBOURG,318.0,1/8/1945,7/21/1944,15,"WISSEMBOURG, France"
FRANCE,WIZERNES,5375.0,3/19/1944,7/5/1944,70,"WIZERNES, France"
FRANCE,WOIPPY,909.0,5/27/1944,8/18/1944,18,"WOIPPY, France"
FRANCE,YAINVILLE,6.0,7/6/1941,7/6/1941,2,"YAINVILLE, France"
FRANCE,YVETOT,24.0,7/8/1944,7/8/1944,1,"YVETOT, France"
FRANCE,YVOIRE,105.0,8/18/1944,8/18/1944,3,"YVOIRE, France"
FRANCE,YVRENCH,628.0,1/21/1944,4/20/1944,16,"YVRENCH, France"
FRANCE,YVRENCH BOIS CARRE,248.0,12/31/1943,5/6/1944,17,"YVRENCH BOIS CARRE, France"
FRANCE,ZUDAUSQUES,981.0,4/20/1944,6/19/1944,21,"ZUDAUSQUES, France"
